[{"pk": 12, "model": "contenttypes.contenttype", "fields": {"model": "account", "name": "account", "app_label": "money"}}, {"pk": 11, "model": "contenttypes.contenttype", "fields": {"model": "bank", "name": "bank", "app_label": "money"}}, {"pk": 5, "model": "contenttypes.contenttype", "fields": {"model": "contenttype", "name": "content type", "app_label": "contenttypes"}}, {"pk": 2, "model": "contenttypes.contenttype", "fields": {"model": "group", "name": "group", "app_label": "auth"}}, {"pk": 7, "model": "contenttypes.contenttype", "fields": {"model": "logentry", "name": "log entry", "app_label": "admin"}}, {"pk": 4, "model": "contenttypes.contenttype", "fields": {"model": "message", "name": "message", "app_label": "auth"}}, {"pk": 10, "model": "contenttypes.contenttype", "fields": {"model": "payee", "name": "payee", "app_label": "money"}}, {"pk": 1, "model": "contenttypes.contenttype", "fields": {"model": "permission", "name": "permission", "app_label": "auth"}}, {"pk": 6, "model": "contenttypes.contenttype", "fields": {"model": "session", "name": "session", "app_label": "sessions"}}, {"pk": 8, "model": "contenttypes.contenttype", "fields": {"model": "site", "name": "site", "app_label": "sites"}}, {"pk": 9, "model": "contenttypes.contenttype", "fields": {"model": "tag", "name": "tag", "app_label": "money"}}, {"pk": 14, "model": "contenttypes.contenttype", "fields": {"model": "taglink", "name": "tag link", "app_label": "money"}}, {"pk": 13, "model": "contenttypes.contenttype", "fields": {"model": "transaction", "name": "transaction", "app_label": "money"}}, {"pk": 3, "model": "contenttypes.contenttype", "fields": {"model": "user", "name": "user", "app_label": "auth"}}, {"pk": "69d866f321258ff3644a6af108ae1200", "model": "sessions.session", "fields": {"expire_date": "2010-04-16 12:59:54", "session_data": "gAJ9cQEoVRJfYXV0aF91c2VyX2JhY2tlbmRxAlUpZGphbmdvLmNvbnRyaWIuYXV0aC5iYWNrZW5k\ncy5Nb2RlbEJhY2tlbmRxA1UNX2F1dGhfdXNlcl9pZHEEigECdS5mNzAzODI5OGRkY2Y5N2M3NWJh\nMjJiMDZkODk5YTE3OA==\n"}}, {"pk": 10, "model": "admin.logentry", "fields": {"action_flag": 2, "action_time": "2010-04-02 12:59:34", "object_repr": "Bob's Account", "object_id": "1", "change_message": "Changed balance.", "user": 1, "content_type": 12}}, {"pk": 9, "model": "admin.logentry", "fields": {"action_flag": 2, "action_time": "2010-04-02 12:59:25", "object_repr": "Fred's Current Account", "object_id": "2", "change_message": "Changed balance.", "user": 1, "content_type": 12}}, {"pk": 8, "model": "admin.logentry", "fields": {"action_flag": 2, "action_time": "2010-04-02 12:59:17", "object_repr": "Fred's Savings Account", "object_id": "3", "change_message": "Changed balance.", "user": 1, "content_type": 12}}, {"pk": 7, "model": "admin.logentry", "fields": {"action_flag": 2, "action_time": "2010-04-02 11:55:05", "object_repr": "Bob's Cash", "object_id": "4", "change_message": "Changed name.", "user": 1, "content_type": 12}}, {"pk": 6, "model": "admin.logentry", "fields": {"action_flag": 1, "action_time": "2010-04-02 11:54:54", "object_repr": "Cash", "object_id": "4", "change_message": "", "user": 1, "content_type": 12}}, {"pk": 5, "model": "admin.logentry", "fields": {"action_flag": 1, "action_time": "2010-04-02 11:29:27", "object_repr": "Fred's Savings Account", "object_id": "3", "change_message": "", "user": 1, "content_type": 12}}, {"pk": 4, "model": "admin.logentry", "fields": {"action_flag": 1, "action_time": "2010-04-02 11:28:43", "object_repr": "Fred's Current Account", "object_id": "2", "change_message": "", "user": 1, "content_type": 12}}, {"pk": 3, "model": "admin.logentry", "fields": {"action_flag": 1, "action_time": "2010-04-02 11:27:47", "object_repr": "HSBC", "object_id": "2", "change_message": "", "user": 1, "content_type": 11}}, {"pk": 2, "model": "admin.logentry", "fields": {"action_flag": 1, "action_time": "2010-04-02 11:27:40", "object_repr": "Barclay's", "object_id": "1", "change_message": "", "user": 1, "content_type": 11}}, {"pk": 1, "model": "admin.logentry", "fields": {"action_flag": 1, "action_time": "2010-04-02 11:26:51", "object_repr": "fred", "object_id": "3", "change_message": "", "user": 1, "content_type": 3}}, {"pk": 1, "model": "sites.site", "fields": {"domain": "example.com", "name": "example.com"}}, {"pk": 5, "model": "money.tag", "fields": {"name": "birthdays"}}, {"pk": 10, "model": "money.tag", "fields": {"name": "cds"}}, {"pk": 3, "model": "money.tag", "fields": {"name": "dvds"}}, {"pk": 47, "model": "money.tag", "fields": {"name": "electricity"}}, {"pk": 11, "model": "money.tag", "fields": {"name": "entertainment"}}, {"pk": 2, "model": "money.tag", "fields": {"name": "food"}}, {"pk": 187, "model": "money.tag", "fields": {"name": "garden"}}, {"pk": 23, "model": "money.tag", "fields": {"name": "gas"}}, {"pk": 7, "model": "money.tag", "fields": {"name": "household"}}, {"pk": 4, "model": "money.tag", "fields": {"name": "presents"}}, {"pk": 1, "model": "money.tag", "fields": {"name": "work"}}, {"pk": 8, "model": "money.payee", "fields": {"name": "British Gas"}}, {"pk": 4, "model": "money.payee", "fields": {"name": "HMV"}}, {"pk": 3, "model": "money.payee", "fields": {"name": "Homebase"}}, {"pk": 6, "model": "money.payee", "fields": {"name": "Nando's"}}, {"pk": 7, "model": "money.payee", "fields": {"name": "npower"}}, {"pk": 5, "model": "money.payee", "fields": {"name": "Sainsbury's"}}, {"pk": 1, "model": "money.payee", "fields": {"name": "Tesco's"}}, {"pk": 2, "model": "money.payee", "fields": {"name": "Wagamama"}}, {"pk": 9, "model": "money.payee", "fields": {"name": "Work"}}, {"pk": 1, "model": "money.bank", "fields": {"name": "Barclay's"}}, {"pk": 2, "model": "money.bank", "fields": {"name": "HSBC"}}, {"pk": 1, "model": "money.account", "fields": {"name": "Bob's Account", "track_balance": true, "balance_updated": "2010-04-02 13:01:15", "number": null, "currency": "\u00a3", "starting_balance": "1000.00", "date_created": "2010-04-02 11:26:06", "sort_code": "", "balance": "1522.53", "bank": null, "user": 2}}, {"pk": 2, "model": "money.account", "fields": {"name": "Fred's Current Account", "track_balance": true, "balance_updated": "2010-04-02 13:01:17", "number": 100000, "currency": "\u00a3", "starting_balance": "50.00", "date_created": "2010-04-02 11:28:43", "sort_code": "80-20-50", "balance": "719.27", "bank": 2, "user": 3}}, {"pk": 3, "model": "money.account", "fields": {"name": "Fred's Savings Account", "track_balance": true, "balance_updated": "2010-04-02 13:01:19", "number": 20000, "currency": "\u00a3", "starting_balance": "500.00", "date_created": "2010-04-02 11:29:27", "sort_code": "80-20-50", "balance": "377.70", "bank": 2, "user": 3}}, {"pk": 4, "model": "money.account", "fields": {"name": "Bob's Cash", "track_balance": false, "balance_updated": "2010-04-02 11:54:30", "number": null, "currency": "\u00a3", "starting_balance": "0.00", "date_created": "2010-04-02 11:54:54", "sort_code": "", "balance": "0.00", "bank": null, "user": 2}}, {"pk": 1, "model": "money.transaction", "fields": {"comment": "", "account": 1, "mobile": false, "transfer": false, "payee": 9, "amount": "827.59", "date": "2009-04-28", "date_created": "2010-04-02 13:00:03"}}, {"pk": 2, "model": "money.transaction", "fields": {"comment": "", "account": 1, "mobile": false, "transfer": false, "payee": 5, "amount": "-149.37", "date": "2009-07-29", "date_created": "2010-04-02 13:01:13"}}, {"pk": 3, "model": "money.transaction", "fields": {"comment": "", "account": 1, "mobile": false, "transfer": false, "payee": 4, "amount": "-41.01", "date": "2010-02-03", "date_created": "2010-04-02 13:01:13"}}, {"pk": 4, "model": "money.transaction", "fields": {"comment": "", "account": 1, "mobile": false, "transfer": false, "payee": 5, "amount": "-25.36", "date": "2009-10-24", "date_created": "2010-04-02 13:01:13"}}, {"pk": 5, "model": "money.transaction", "fields": {"comment": "", "account": 1, "mobile": false, "transfer": false, "payee": 1, "amount": "-60.66", "date": "2009-08-06", "date_created": "2010-04-02 13:01:13"}}, {"pk": 6, "model": "money.transaction", "fields": {"comment": "", "account": 1, "mobile": false, "transfer": false, "payee": 4, "amount": "-8.42", "date": "2009-05-14", "date_created": "2010-04-02 13:01:13"}}, {"pk": 7, "model": "money.transaction", "fields": {"comment": "", "account": 1, "mobile": false, "transfer": false, "payee": 5, "amount": "-39.08", "date": "2009-05-29", "date_created": "2010-04-02 13:01:13"}}, {"pk": 8, "model": "money.transaction", "fields": {"comment": "", "account": 1, "mobile": false, "transfer": false, "payee": 5, "amount": "-9.48", "date": "2009-12-21", "date_created": "2010-04-02 13:01:13"}}, {"pk": 9, "model": "money.transaction", "fields": {"comment": "", "account": 1, "mobile": false, "transfer": false, "payee": 4, "amount": "-8.19", "date": "2009-10-19", "date_created": "2010-04-02 13:01:13"}}, {"pk": 10, "model": "money.transaction", "fields": {"comment": "", "account": 1, "mobile": false, "transfer": false, "payee": 4, "amount": "-12.37", "date": "2009-05-10", "date_created": "2010-04-02 13:01:13"}}, {"pk": 11, "model": "money.transaction", "fields": {"comment": "", "account": 1, "mobile": false, "transfer": false, "payee": 8, "amount": "-68.69", "date": "2010-01-14", "date_created": "2010-04-02 13:01:13"}}, {"pk": 12, "model": "money.transaction", "fields": {"comment": "", "account": 1, "mobile": false, "transfer": false, "payee": 1, "amount": "-72.67", "date": "2009-09-25", "date_created": "2010-04-02 13:01:13"}}, {"pk": 13, "model": "money.transaction", "fields": {"comment": "", "account": 1, "mobile": false, "transfer": false, "payee": 5, "amount": "-34.16", "date": "2009-11-21", "date_created": "2010-04-02 13:01:13"}}, {"pk": 14, "model": "money.transaction", "fields": {"comment": "", "account": 1, "mobile": false, "transfer": false, "payee": 8, "amount": "-56.41", "date": "2010-02-22", "date_created": "2010-04-02 13:01:13"}}, {"pk": 15, "model": "money.transaction", "fields": {"comment": "", "account": 1, "mobile": false, "transfer": false, "payee": 6, "amount": "-39.24", "date": "2010-03-27", "date_created": "2010-04-02 13:01:13"}}, {"pk": 16, "model": "money.transaction", "fields": {"comment": "", "account": 1, "mobile": false, "transfer": false, "payee": 1, "amount": "-85.08", "date": "2009-08-04", "date_created": "2010-04-02 13:01:13"}}, {"pk": 17, "model": "money.transaction", "fields": {"comment": "", "account": 1, "mobile": false, "transfer": false, "payee": 1, "amount": "-65.55", "date": "2009-11-03", "date_created": "2010-04-02 13:01:13"}}, {"pk": 18, "model": "money.transaction", "fields": {"comment": "", "account": 1, "mobile": false, "transfer": false, "payee": 1, "amount": "-95.05", "date": "2009-08-07", "date_created": "2010-04-02 13:01:13"}}, {"pk": 19, "model": "money.transaction", "fields": {"comment": "", "account": 1, "mobile": false, "transfer": false, "payee": 4, "amount": "-48.65", "date": "2009-10-12", "date_created": "2010-04-02 13:01:13"}}, {"pk": 20, "model": "money.transaction", "fields": {"comment": "", "account": 1, "mobile": false, "transfer": false, "payee": 5, "amount": "-62.53", "date": "2009-07-18", "date_created": "2010-04-02 13:01:13"}}, {"pk": 21, "model": "money.transaction", "fields": {"comment": "", "account": 1, "mobile": false, "transfer": false, "payee": 8, "amount": "-55.51", "date": "2009-08-28", "date_created": "2010-04-02 13:01:13"}}, {"pk": 22, "model": "money.transaction", "fields": {"comment": "", "account": 1, "mobile": false, "transfer": false, "payee": 9, "amount": "862.17", "date": "2009-10-12", "date_created": "2010-04-02 13:01:13"}}, {"pk": 23, "model": "money.transaction", "fields": {"comment": "", "account": 1, "mobile": false, "transfer": false, "payee": 1, "amount": "-82.91", "date": "2010-03-11", "date_created": "2010-04-02 13:01:14"}}, {"pk": 24, "model": "money.transaction", "fields": {"comment": "", "account": 1, "mobile": false, "transfer": false, "payee": 5, "amount": "-93.77", "date": "2009-11-02", "date_created": "2010-04-02 13:01:14"}}, {"pk": 25, "model": "money.transaction", "fields": {"comment": "", "account": 1, "mobile": false, "transfer": false, "payee": 2, "amount": "-38.85", "date": "2010-02-10", "date_created": "2010-04-02 13:01:14"}}, {"pk": 26, "model": "money.transaction", "fields": {"comment": "", "account": 1, "mobile": false, "transfer": false, "payee": 5, "amount": "-69.83", "date": "2009-06-21", "date_created": "2010-04-02 13:01:14"}}, {"pk": 27, "model": "money.transaction", "fields": {"comment": "", "account": 1, "mobile": false, "transfer": false, "payee": 9, "amount": "1129.48", "date": "2010-03-19", "date_created": "2010-04-02 13:01:14"}}, {"pk": 28, "model": "money.transaction", "fields": {"comment": "", "account": 1, "mobile": false, "transfer": false, "payee": 1, "amount": "-146.59", "date": "2009-08-24", "date_created": "2010-04-02 13:01:14"}}, {"pk": 29, "model": "money.transaction", "fields": {"comment": "", "account": 1, "mobile": false, "transfer": false, "payee": 4, "amount": "-36.50", "date": "2009-11-04", "date_created": "2010-04-02 13:01:14"}}, {"pk": 30, "model": "money.transaction", "fields": {"comment": "", "account": 1, "mobile": false, "transfer": false, "payee": 7, "amount": "-52.30", "date": "2009-08-28", "date_created": "2010-04-02 13:01:14"}}, {"pk": 31, "model": "money.transaction", "fields": {"comment": "", "account": 1, "mobile": false, "transfer": false, "payee": 7, "amount": "-67.60", "date": "2009-05-06", "date_created": "2010-04-02 13:01:14"}}, {"pk": 32, "model": "money.transaction", "fields": {"comment": "", "account": 1, "mobile": false, "transfer": false, "payee": 5, "amount": "-85.14", "date": "2009-04-27", "date_created": "2010-04-02 13:01:14"}}, {"pk": 33, "model": "money.transaction", "fields": {"comment": "", "account": 1, "mobile": false, "transfer": false, "payee": 5, "amount": "-47.84", "date": "2009-11-26", "date_created": "2010-04-02 13:01:14"}}, {"pk": 34, "model": "money.transaction", "fields": {"comment": "", "account": 1, "mobile": false, "transfer": false, "payee": 7, "amount": "-29.46", "date": "2009-06-20", "date_created": "2010-04-02 13:01:14"}}, {"pk": 35, "model": "money.transaction", "fields": {"comment": "", "account": 1, "mobile": false, "transfer": false, "payee": 7, "amount": "-45.18", "date": "2009-09-17", "date_created": "2010-04-02 13:01:14"}}, {"pk": 36, "model": "money.transaction", "fields": {"comment": "", "account": 1, "mobile": false, "transfer": false, "payee": 7, "amount": "-39.56", "date": "2009-12-09", "date_created": "2010-04-02 13:01:14"}}, {"pk": 37, "model": "money.transaction", "fields": {"comment": "", "account": 1, "mobile": false, "transfer": false, "payee": 9, "amount": "1146.21", "date": "2009-11-16", "date_created": "2010-04-02 13:01:14"}}, {"pk": 38, "model": "money.transaction", "fields": {"comment": "", "account": 1, "mobile": false, "transfer": false, "payee": 5, "amount": "-92.39", "date": "2009-12-31", "date_created": "2010-04-02 13:01:14"}}, {"pk": 39, "model": "money.transaction", "fields": {"comment": "", "account": 1, "mobile": false, "transfer": false, "payee": 4, "amount": "-23.35", "date": "2010-03-27", "date_created": "2010-04-02 13:01:14"}}, {"pk": 40, "model": "money.transaction", "fields": {"comment": "", "account": 1, "mobile": false, "transfer": false, "payee": 5, "amount": "-3.69", "date": "2009-07-13", "date_created": "2010-04-02 13:01:14"}}, {"pk": 41, "model": "money.transaction", "fields": {"comment": "", "account": 1, "mobile": false, "transfer": false, "payee": 2, "amount": "-48.44", "date": "2009-09-15", "date_created": "2010-04-02 13:01:14"}}, {"pk": 42, "model": "money.transaction", "fields": {"comment": "", "account": 1, "mobile": false, "transfer": false, "payee": 8, "amount": "-57.87", "date": "2009-12-21", "date_created": "2010-04-02 13:01:14"}}, {"pk": 43, "model": "money.transaction", "fields": {"comment": "", "account": 1, "mobile": false, "transfer": false, "payee": 1, "amount": "-50.33", "date": "2010-01-06", "date_created": "2010-04-02 13:01:14"}}, {"pk": 44, "model": "money.transaction", "fields": {"comment": "", "account": 1, "mobile": false, "transfer": false, "payee": 4, "amount": "-31.42", "date": "2009-09-14", "date_created": "2010-04-02 13:01:14"}}, {"pk": 45, "model": "money.transaction", "fields": {"comment": "", "account": 1, "mobile": false, "transfer": false, "payee": 1, "amount": "-81.31", "date": "2009-11-02", "date_created": "2010-04-02 13:01:14"}}, {"pk": 46, "model": "money.transaction", "fields": {"comment": "", "account": 1, "mobile": false, "transfer": false, "payee": 5, "amount": "-84.58", "date": "2009-05-10", "date_created": "2010-04-02 13:01:14"}}, {"pk": 47, "model": "money.transaction", "fields": {"comment": "", "account": 1, "mobile": false, "transfer": false, "payee": 5, "amount": "-88.48", "date": "2009-08-31", "date_created": "2010-04-02 13:01:14"}}, {"pk": 48, "model": "money.transaction", "fields": {"comment": "", "account": 1, "mobile": false, "transfer": false, "payee": 5, "amount": "-16.93", "date": "2009-08-20", "date_created": "2010-04-02 13:01:14"}}, {"pk": 49, "model": "money.transaction", "fields": {"comment": "", "account": 1, "mobile": false, "transfer": false, "payee": 9, "amount": "918.69", "date": "2009-08-06", "date_created": "2010-04-02 13:01:14"}}, {"pk": 50, "model": "money.transaction", "fields": {"comment": "", "account": 1, "mobile": false, "transfer": false, "payee": 1, "amount": "-137.15", "date": "2009-10-25", "date_created": "2010-04-02 13:01:14"}}, {"pk": 51, "model": "money.transaction", "fields": {"comment": "", "account": 1, "mobile": false, "transfer": false, "payee": 7, "amount": "-71.23", "date": "2010-02-23", "date_created": "2010-04-02 13:01:14"}}, {"pk": 52, "model": "money.transaction", "fields": {"comment": "", "account": 1, "mobile": false, "transfer": false, "payee": 9, "amount": "1163.46", "date": "2009-11-24", "date_created": "2010-04-02 13:01:14"}}, {"pk": 53, "model": "money.transaction", "fields": {"comment": "", "account": 1, "mobile": false, "transfer": false, "payee": 4, "amount": "-35.20", "date": "2009-05-12", "date_created": "2010-04-02 13:01:14"}}, {"pk": 54, "model": "money.transaction", "fields": {"comment": "", "account": 1, "mobile": false, "transfer": false, "payee": 9, "amount": "936.46", "date": "2010-02-13", "date_created": "2010-04-02 13:01:14"}}, {"pk": 55, "model": "money.transaction", "fields": {"comment": "", "account": 1, "mobile": false, "transfer": false, "payee": 5, "amount": "-17.30", "date": "2009-07-16", "date_created": "2010-04-02 13:01:14"}}, {"pk": 56, "model": "money.transaction", "fields": {"comment": "", "account": 1, "mobile": false, "transfer": false, "payee": 2, "amount": "-25.49", "date": "2010-01-10", "date_created": "2010-04-02 13:01:14"}}, {"pk": 57, "model": "money.transaction", "fields": {"comment": "", "account": 1, "mobile": false, "transfer": false, "payee": 4, "amount": "-33.65", "date": "2010-02-03", "date_created": "2010-04-02 13:01:14"}}, {"pk": 58, "model": "money.transaction", "fields": {"comment": "", "account": 1, "mobile": false, "transfer": false, "payee": 5, "amount": "-37.52", "date": "2010-01-20", "date_created": "2010-04-02 13:01:14"}}, {"pk": 59, "model": "money.transaction", "fields": {"comment": "", "account": 1, "mobile": false, "transfer": false, "payee": 8, "amount": "-25.40", "date": "2009-05-22", "date_created": "2010-04-02 13:01:14"}}, {"pk": 60, "model": "money.transaction", "fields": {"comment": "", "account": 1, "mobile": false, "transfer": false, "payee": 4, "amount": "-39.59", "date": "2009-06-08", "date_created": "2010-04-02 13:01:14"}}, {"pk": 61, "model": "money.transaction", "fields": {"comment": "", "account": 1, "mobile": false, "transfer": false, "payee": 5, "amount": "-72.78", "date": "2009-08-05", "date_created": "2010-04-02 13:01:15"}}, {"pk": 62, "model": "money.transaction", "fields": {"comment": "", "account": 1, "mobile": false, "transfer": false, "payee": 1, "amount": "-27.16", "date": "2009-07-22", "date_created": "2010-04-02 13:01:15"}}, {"pk": 63, "model": "money.transaction", "fields": {"comment": "", "account": 1, "mobile": false, "transfer": false, "payee": 1, "amount": "-77.07", "date": "2009-07-25", "date_created": "2010-04-02 13:01:15"}}, {"pk": 64, "model": "money.transaction", "fields": {"comment": "", "account": 1, "mobile": false, "transfer": false, "payee": 1, "amount": "-43.91", "date": "2009-05-04", "date_created": "2010-04-02 13:01:15"}}, {"pk": 65, "model": "money.transaction", "fields": {"comment": "", "account": 1, "mobile": false, "transfer": false, "payee": 5, "amount": "-90.23", "date": "2009-09-14", "date_created": "2010-04-02 13:01:15"}}, {"pk": 66, "model": "money.transaction", "fields": {"comment": "", "account": 1, "mobile": false, "transfer": false, "payee": 7, "amount": "-67.20", "date": "2009-04-05", "date_created": "2010-04-02 13:01:15"}}, {"pk": 67, "model": "money.transaction", "fields": {"comment": "", "account": 1, "mobile": false, "transfer": false, "payee": 5, "amount": "-5.46", "date": "2009-11-19", "date_created": "2010-04-02 13:01:15"}}, {"pk": 68, "model": "money.transaction", "fields": {"comment": "", "account": 1, "mobile": false, "transfer": false, "payee": 1, "amount": "-20.44", "date": "2009-09-28", "date_created": "2010-04-02 13:01:15"}}, {"pk": 69, "model": "money.transaction", "fields": {"comment": "", "account": 1, "mobile": false, "transfer": false, "payee": 8, "amount": "-59.31", "date": "2009-08-13", "date_created": "2010-04-02 13:01:15"}}, {"pk": 70, "model": "money.transaction", "fields": {"comment": "", "account": 1, "mobile": false, "transfer": false, "payee": 1, "amount": "-146.61", "date": "2009-11-23", "date_created": "2010-04-02 13:01:15"}}, {"pk": 71, "model": "money.transaction", "fields": {"comment": "", "account": 1, "mobile": false, "transfer": false, "payee": 1, "amount": "-124.73", "date": "2010-01-01", "date_created": "2010-04-02 13:01:15"}}, {"pk": 72, "model": "money.transaction", "fields": {"comment": "", "account": 1, "mobile": false, "transfer": false, "payee": 7, "amount": "-61.21", "date": "2010-02-17", "date_created": "2010-04-02 13:01:15"}}, {"pk": 73, "model": "money.transaction", "fields": {"comment": "", "account": 1, "mobile": false, "transfer": false, "payee": 4, "amount": "-35.29", "date": "2009-04-07", "date_created": "2010-04-02 13:01:15"}}, {"pk": 74, "model": "money.transaction", "fields": {"comment": "", "account": 1, "mobile": false, "transfer": false, "payee": 6, "amount": "-36.85", "date": "2010-03-31", "date_created": "2010-04-02 13:01:15"}}, {"pk": 75, "model": "money.transaction", "fields": {"comment": "", "account": 1, "mobile": false, "transfer": false, "payee": 5, "amount": "-111.29", "date": "2009-10-13", "date_created": "2010-04-02 13:01:15"}}, {"pk": 76, "model": "money.transaction", "fields": {"comment": "", "account": 1, "mobile": false, "transfer": false, "payee": 5, "amount": "-36.78", "date": "2009-10-19", "date_created": "2010-04-02 13:01:15"}}, {"pk": 77, "model": "money.transaction", "fields": {"comment": "", "account": 1, "mobile": false, "transfer": false, "payee": 2, "amount": "-43.37", "date": "2009-04-27", "date_created": "2010-04-02 13:01:15"}}, {"pk": 78, "model": "money.transaction", "fields": {"comment": "", "account": 1, "mobile": false, "transfer": false, "payee": 5, "amount": "-23.21", "date": "2009-04-28", "date_created": "2010-04-02 13:01:15"}}, {"pk": 79, "model": "money.transaction", "fields": {"comment": "", "account": 1, "mobile": false, "transfer": false, "payee": 6, "amount": "-26.18", "date": "2009-05-18", "date_created": "2010-04-02 13:01:15"}}, {"pk": 80, "model": "money.transaction", "fields": {"comment": "", "account": 1, "mobile": false, "transfer": false, "payee": 5, "amount": "-50.01", "date": "2009-12-17", "date_created": "2010-04-02 13:01:15"}}, {"pk": 81, "model": "money.transaction", "fields": {"comment": "", "account": 1, "mobile": false, "transfer": false, "payee": 5, "amount": "-42.73", "date": "2009-12-31", "date_created": "2010-04-02 13:01:15"}}, {"pk": 82, "model": "money.transaction", "fields": {"comment": "", "account": 1, "mobile": false, "transfer": false, "payee": 1, "amount": "-49.44", "date": "2009-05-17", "date_created": "2010-04-02 13:01:15"}}, {"pk": 83, "model": "money.transaction", "fields": {"comment": "", "account": 1, "mobile": false, "transfer": false, "payee": 4, "amount": "-35.47", "date": "2009-08-26", "date_created": "2010-04-02 13:01:15"}}, {"pk": 84, "model": "money.transaction", "fields": {"comment": "", "account": 1, "mobile": false, "transfer": false, "payee": 1, "amount": "-75.41", "date": "2009-09-18", "date_created": "2010-04-02 13:01:15"}}, {"pk": 85, "model": "money.transaction", "fields": {"comment": "", "account": 1, "mobile": false, "transfer": false, "payee": 6, "amount": "-18.97", "date": "2009-05-03", "date_created": "2010-04-02 13:01:15"}}, {"pk": 86, "model": "money.transaction", "fields": {"comment": "", "account": 1, "mobile": false, "transfer": false, "payee": 1, "amount": "-27.07", "date": "2010-03-16", "date_created": "2010-04-02 13:01:15"}}, {"pk": 87, "model": "money.transaction", "fields": {"comment": "", "account": 2, "mobile": false, "transfer": false, "payee": 1, "amount": "-114.85", "date": "2009-10-10", "date_created": "2010-04-02 13:01:15"}}, {"pk": 88, "model": "money.transaction", "fields": {"comment": "", "account": 2, "mobile": false, "transfer": false, "payee": 8, "amount": "-64.84", "date": "2009-12-19", "date_created": "2010-04-02 13:01:15"}}, {"pk": 89, "model": "money.transaction", "fields": {"comment": "", "account": 2, "mobile": false, "transfer": false, "payee": 8, "amount": "-54.66", "date": "2009-12-22", "date_created": "2010-04-02 13:01:15"}}, {"pk": 90, "model": "money.transaction", "fields": {"comment": "", "account": 2, "mobile": false, "transfer": false, "payee": 9, "amount": "997.32", "date": "2010-01-17", "date_created": "2010-04-02 13:01:15"}}, {"pk": 91, "model": "money.transaction", "fields": {"comment": "", "account": 2, "mobile": false, "transfer": false, "payee": 9, "amount": "1023.25", "date": "2010-03-03", "date_created": "2010-04-02 13:01:15"}}, {"pk": 92, "model": "money.transaction", "fields": {"comment": "", "account": 2, "mobile": false, "transfer": false, "payee": 2, "amount": "-35.85", "date": "2010-02-28", "date_created": "2010-04-02 13:01:15"}}, {"pk": 93, "model": "money.transaction", "fields": {"comment": "", "account": 2, "mobile": false, "transfer": false, "payee": 8, "amount": "-30.11", "date": "2009-09-26", "date_created": "2010-04-02 13:01:15"}}, {"pk": 94, "model": "money.transaction", "fields": {"comment": "", "account": 2, "mobile": false, "transfer": false, "payee": 5, "amount": "-140.50", "date": "2009-07-24", "date_created": "2010-04-02 13:01:15"}}, {"pk": 95, "model": "money.transaction", "fields": {"comment": "", "account": 2, "mobile": false, "transfer": false, "payee": 8, "amount": "-46.87", "date": "2010-02-05", "date_created": "2010-04-02 13:01:15"}}, {"pk": 96, "model": "money.transaction", "fields": {"comment": "", "account": 2, "mobile": false, "transfer": false, "payee": 5, "amount": "-131.01", "date": "2010-01-15", "date_created": "2010-04-02 13:01:15"}}, {"pk": 97, "model": "money.transaction", "fields": {"comment": "", "account": 2, "mobile": false, "transfer": false, "payee": 8, "amount": "-31.97", "date": "2009-10-25", "date_created": "2010-04-02 13:01:15"}}, {"pk": 98, "model": "money.transaction", "fields": {"comment": "", "account": 2, "mobile": false, "transfer": false, "payee": 2, "amount": "-26.90", "date": "2009-12-30", "date_created": "2010-04-02 13:01:15"}}, {"pk": 99, "model": "money.transaction", "fields": {"comment": "", "account": 2, "mobile": false, "transfer": false, "payee": 7, "amount": "-52.51", "date": "2009-08-20", "date_created": "2010-04-02 13:01:15"}}, {"pk": 100, "model": "money.transaction", "fields": {"comment": "", "account": 2, "mobile": false, "transfer": false, "payee": 8, "amount": "-75.98", "date": "2009-10-19", "date_created": "2010-04-02 13:01:15"}}, {"pk": 101, "model": "money.transaction", "fields": {"comment": "", "account": 2, "mobile": false, "transfer": false, "payee": 6, "amount": "-48.91", "date": "2009-12-13", "date_created": "2010-04-02 13:01:15"}}, {"pk": 102, "model": "money.transaction", "fields": {"comment": "", "account": 2, "mobile": false, "transfer": false, "payee": 1, "amount": "-123.95", "date": "2009-07-16", "date_created": "2010-04-02 13:01:15"}}, {"pk": 103, "model": "money.transaction", "fields": {"comment": "", "account": 2, "mobile": false, "transfer": false, "payee": 4, "amount": "-27.37", "date": "2010-03-24", "date_created": "2010-04-02 13:01:16"}}, {"pk": 104, "model": "money.transaction", "fields": {"comment": "", "account": 2, "mobile": false, "transfer": false, "payee": 5, "amount": "-70.20", "date": "2010-03-15", "date_created": "2010-04-02 13:01:16"}}, {"pk": 105, "model": "money.transaction", "fields": {"comment": "", "account": 2, "mobile": false, "transfer": false, "payee": 9, "amount": "917.36", "date": "2009-11-11", "date_created": "2010-04-02 13:01:16"}}, {"pk": 106, "model": "money.transaction", "fields": {"comment": "", "account": 2, "mobile": false, "transfer": false, "payee": 8, "amount": "-62.88", "date": "2009-07-05", "date_created": "2010-04-02 13:01:16"}}, {"pk": 107, "model": "money.transaction", "fields": {"comment": "", "account": 2, "mobile": false, "transfer": false, "payee": 1, "amount": "-125.26", "date": "2009-07-15", "date_created": "2010-04-02 13:01:16"}}, {"pk": 108, "model": "money.transaction", "fields": {"comment": "", "account": 2, "mobile": false, "transfer": false, "payee": 2, "amount": "-37.47", "date": "2009-11-24", "date_created": "2010-04-02 13:01:16"}}, {"pk": 109, "model": "money.transaction", "fields": {"comment": "", "account": 2, "mobile": false, "transfer": false, "payee": 1, "amount": "-37.41", "date": "2009-05-22", "date_created": "2010-04-02 13:01:16"}}, {"pk": 110, "model": "money.transaction", "fields": {"comment": "", "account": 2, "mobile": false, "transfer": false, "payee": 4, "amount": "-50.09", "date": "2009-10-23", "date_created": "2010-04-02 13:01:16"}}, {"pk": 111, "model": "money.transaction", "fields": {"comment": "", "account": 2, "mobile": false, "transfer": false, "payee": 7, "amount": "-40.81", "date": "2009-04-13", "date_created": "2010-04-02 13:01:16"}}, {"pk": 112, "model": "money.transaction", "fields": {"comment": "", "account": 2, "mobile": false, "transfer": false, "payee": 2, "amount": "-36.34", "date": "2009-04-16", "date_created": "2010-04-02 13:01:16"}}, {"pk": 113, "model": "money.transaction", "fields": {"comment": "", "account": 2, "mobile": false, "transfer": false, "payee": 6, "amount": "-28.23", "date": "2009-07-10", "date_created": "2010-04-02 13:01:16"}}, {"pk": 114, "model": "money.transaction", "fields": {"comment": "", "account": 2, "mobile": false, "transfer": false, "payee": 5, "amount": "-117.33", "date": "2009-10-17", "date_created": "2010-04-02 13:01:16"}}, {"pk": 115, "model": "money.transaction", "fields": {"comment": "", "account": 2, "mobile": false, "transfer": false, "payee": 1, "amount": "-10.25", "date": "2009-12-13", "date_created": "2010-04-02 13:01:16"}}, {"pk": 116, "model": "money.transaction", "fields": {"comment": "", "account": 2, "mobile": false, "transfer": false, "payee": 7, "amount": "-42.92", "date": "2009-07-08", "date_created": "2010-04-02 13:01:16"}}, {"pk": 117, "model": "money.transaction", "fields": {"comment": "", "account": 2, "mobile": false, "transfer": false, "payee": 1, "amount": "-146.94", "date": "2009-08-20", "date_created": "2010-04-02 13:01:16"}}, {"pk": 118, "model": "money.transaction", "fields": {"comment": "", "account": 2, "mobile": false, "transfer": false, "payee": 2, "amount": "-19.75", "date": "2009-06-16", "date_created": "2010-04-02 13:01:16"}}, {"pk": 119, "model": "money.transaction", "fields": {"comment": "", "account": 2, "mobile": false, "transfer": false, "payee": 4, "amount": "-32.33", "date": "2010-01-08", "date_created": "2010-04-02 13:01:16"}}, {"pk": 120, "model": "money.transaction", "fields": {"comment": "", "account": 2, "mobile": false, "transfer": false, "payee": 7, "amount": "-48.63", "date": "2009-09-28", "date_created": "2010-04-02 13:01:16"}}, {"pk": 121, "model": "money.transaction", "fields": {"comment": "", "account": 2, "mobile": false, "transfer": false, "payee": 4, "amount": "-34.79", "date": "2009-07-04", "date_created": "2010-04-02 13:01:16"}}, {"pk": 122, "model": "money.transaction", "fields": {"comment": "", "account": 2, "mobile": false, "transfer": false, "payee": 8, "amount": "-76.34", "date": "2009-07-16", "date_created": "2010-04-02 13:01:16"}}, {"pk": 123, "model": "money.transaction", "fields": {"comment": "", "account": 2, "mobile": false, "transfer": false, "payee": 3, "amount": "-45.67", "date": "2009-06-11", "date_created": "2010-04-02 13:01:16"}}, {"pk": 124, "model": "money.transaction", "fields": {"comment": "", "account": 2, "mobile": false, "transfer": false, "payee": 9, "amount": "806.20", "date": "2009-12-20", "date_created": "2010-04-02 13:01:16"}}, {"pk": 125, "model": "money.transaction", "fields": {"comment": "", "account": 2, "mobile": false, "transfer": false, "payee": 2, "amount": "-40.43", "date": "2010-02-24", "date_created": "2010-04-02 13:01:16"}}, {"pk": 126, "model": "money.transaction", "fields": {"comment": "", "account": 2, "mobile": false, "transfer": false, "payee": 7, "amount": "-58.76", "date": "2009-10-22", "date_created": "2010-04-02 13:01:16"}}, {"pk": 127, "model": "money.transaction", "fields": {"comment": "", "account": 2, "mobile": false, "transfer": false, "payee": 9, "amount": "1085.79", "date": "2010-02-20", "date_created": "2010-04-02 13:01:16"}}, {"pk": 128, "model": "money.transaction", "fields": {"comment": "", "account": 2, "mobile": false, "transfer": false, "payee": 8, "amount": "-33.32", "date": "2009-07-08", "date_created": "2010-04-02 13:01:16"}}, {"pk": 129, "model": "money.transaction", "fields": {"comment": "", "account": 2, "mobile": false, "transfer": false, "payee": 7, "amount": "-30.27", "date": "2009-12-06", "date_created": "2010-04-02 13:01:16"}}, {"pk": 130, "model": "money.transaction", "fields": {"comment": "", "account": 2, "mobile": false, "transfer": false, "payee": 1, "amount": "-12.86", "date": "2009-07-16", "date_created": "2010-04-02 13:01:16"}}, {"pk": 131, "model": "money.transaction", "fields": {"comment": "", "account": 2, "mobile": false, "transfer": false, "payee": 1, "amount": "-81.30", "date": "2010-03-14", "date_created": "2010-04-02 13:01:16"}}, {"pk": 132, "model": "money.transaction", "fields": {"comment": "", "account": 2, "mobile": false, "transfer": false, "payee": 5, "amount": "-60.40", "date": "2009-05-15", "date_created": "2010-04-02 13:01:16"}}, {"pk": 133, "model": "money.transaction", "fields": {"comment": "", "account": 2, "mobile": false, "transfer": false, "payee": 1, "amount": "-129.94", "date": "2009-07-12", "date_created": "2010-04-02 13:01:16"}}, {"pk": 134, "model": "money.transaction", "fields": {"comment": "", "account": 2, "mobile": false, "transfer": false, "payee": 9, "amount": "825.41", "date": "2009-04-29", "date_created": "2010-04-02 13:01:16"}}, {"pk": 135, "model": "money.transaction", "fields": {"comment": "", "account": 2, "mobile": false, "transfer": false, "payee": 2, "amount": "-33.83", "date": "2009-07-13", "date_created": "2010-04-02 13:01:16"}}, {"pk": 136, "model": "money.transaction", "fields": {"comment": "", "account": 2, "mobile": false, "transfer": false, "payee": 2, "amount": "-11.19", "date": "2009-07-01", "date_created": "2010-04-02 13:01:16"}}, {"pk": 137, "model": "money.transaction", "fields": {"comment": "", "account": 2, "mobile": false, "transfer": false, "payee": 4, "amount": "-30.96", "date": "2009-10-17", "date_created": "2010-04-02 13:01:16"}}, {"pk": 138, "model": "money.transaction", "fields": {"comment": "", "account": 2, "mobile": false, "transfer": false, "payee": 8, "amount": "-42.80", "date": "2009-08-16", "date_created": "2010-04-02 13:01:16"}}, {"pk": 139, "model": "money.transaction", "fields": {"comment": "", "account": 2, "mobile": false, "transfer": false, "payee": 5, "amount": "-62.09", "date": "2009-06-23", "date_created": "2010-04-02 13:01:16"}}, {"pk": 140, "model": "money.transaction", "fields": {"comment": "", "account": 2, "mobile": false, "transfer": false, "payee": 2, "amount": "-26.60", "date": "2009-07-31", "date_created": "2010-04-02 13:01:16"}}, {"pk": 141, "model": "money.transaction", "fields": {"comment": "", "account": 2, "mobile": false, "transfer": false, "payee": 9, "amount": "972.67", "date": "2009-10-09", "date_created": "2010-04-02 13:01:16"}}, {"pk": 142, "model": "money.transaction", "fields": {"comment": "", "account": 2, "mobile": false, "transfer": false, "payee": 1, "amount": "-115.48", "date": "2010-03-18", "date_created": "2010-04-02 13:01:16"}}, {"pk": 143, "model": "money.transaction", "fields": {"comment": "", "account": 2, "mobile": false, "transfer": false, "payee": 9, "amount": "811.49", "date": "2009-08-07", "date_created": "2010-04-02 13:01:17"}}, {"pk": 144, "model": "money.transaction", "fields": {"comment": "", "account": 2, "mobile": false, "transfer": false, "payee": 3, "amount": "-31.89", "date": "2009-04-09", "date_created": "2010-04-02 13:01:17"}}, {"pk": 145, "model": "money.transaction", "fields": {"comment": "", "account": 2, "mobile": false, "transfer": false, "payee": 7, "amount": "-34.25", "date": "2009-06-06", "date_created": "2010-04-02 13:01:17"}}, {"pk": 146, "model": "money.transaction", "fields": {"comment": "", "account": 2, "mobile": false, "transfer": false, "payee": 7, "amount": "-62.16", "date": "2010-02-15", "date_created": "2010-04-02 13:01:17"}}, {"pk": 147, "model": "money.transaction", "fields": {"comment": "", "account": 2, "mobile": false, "transfer": false, "payee": 2, "amount": "-47.36", "date": "2009-04-14", "date_created": "2010-04-02 13:01:17"}}, {"pk": 148, "model": "money.transaction", "fields": {"comment": "", "account": 2, "mobile": false, "transfer": false, "payee": 6, "amount": "-32.93", "date": "2010-01-16", "date_created": "2010-04-02 13:01:17"}}, {"pk": 149, "model": "money.transaction", "fields": {"comment": "", "account": 2, "mobile": false, "transfer": false, "payee": 2, "amount": "-42.47", "date": "2010-02-15", "date_created": "2010-04-02 13:01:17"}}, {"pk": 150, "model": "money.transaction", "fields": {"comment": "", "account": 2, "mobile": false, "transfer": false, "payee": 9, "amount": "854.46", "date": "2009-04-12", "date_created": "2010-04-02 13:01:17"}}, {"pk": 151, "model": "money.transaction", "fields": {"comment": "", "account": 2, "mobile": false, "transfer": false, "payee": 5, "amount": "-49.07", "date": "2010-01-25", "date_created": "2010-04-02 13:01:17"}}, {"pk": 152, "model": "money.transaction", "fields": {"comment": "", "account": 2, "mobile": false, "transfer": false, "payee": 6, "amount": "-40.90", "date": "2009-12-24", "date_created": "2010-04-02 13:01:17"}}, {"pk": 153, "model": "money.transaction", "fields": {"comment": "", "account": 2, "mobile": false, "transfer": false, "payee": 2, "amount": "-37.39", "date": "2010-03-16", "date_created": "2010-04-02 13:01:17"}}, {"pk": 154, "model": "money.transaction", "fields": {"comment": "", "account": 2, "mobile": false, "transfer": false, "payee": 1, "amount": "-25.80", "date": "2010-03-13", "date_created": "2010-04-02 13:01:17"}}, {"pk": 155, "model": "money.transaction", "fields": {"comment": "", "account": 2, "mobile": false, "transfer": false, "payee": 2, "amount": "-17.35", "date": "2009-05-07", "date_created": "2010-04-02 13:01:17"}}, {"pk": 156, "model": "money.transaction", "fields": {"comment": "", "account": 2, "mobile": false, "transfer": false, "payee": 7, "amount": "-70.40", "date": "2009-11-20", "date_created": "2010-04-02 13:01:17"}}, {"pk": 157, "model": "money.transaction", "fields": {"comment": "", "account": 2, "mobile": false, "transfer": false, "payee": 4, "amount": "-41.62", "date": "2009-07-10", "date_created": "2010-04-02 13:01:17"}}, {"pk": 158, "model": "money.transaction", "fields": {"comment": "", "account": 2, "mobile": false, "transfer": false, "payee": 4, "amount": "-46.25", "date": "2009-08-31", "date_created": "2010-04-02 13:01:17"}}, {"pk": 159, "model": "money.transaction", "fields": {"comment": "", "account": 2, "mobile": false, "transfer": false, "payee": 1, "amount": "-14.79", "date": "2009-07-09", "date_created": "2010-04-02 13:01:17"}}, {"pk": 160, "model": "money.transaction", "fields": {"comment": "", "account": 2, "mobile": false, "transfer": false, "payee": 3, "amount": "-39.51", "date": "2010-01-20", "date_created": "2010-04-02 13:01:17"}}, {"pk": 161, "model": "money.transaction", "fields": {"comment": "", "account": 2, "mobile": false, "transfer": false, "payee": 1, "amount": "-45.08", "date": "2009-08-01", "date_created": "2010-04-02 13:01:17"}}, {"pk": 162, "model": "money.transaction", "fields": {"comment": "", "account": 3, "mobile": false, "transfer": false, "payee": 7, "amount": "-65.80", "date": "2009-09-24", "date_created": "2010-04-02 13:01:17"}}, {"pk": 163, "model": "money.transaction", "fields": {"comment": "", "account": 3, "mobile": false, "transfer": false, "payee": 4, "amount": "-8.18", "date": "2009-06-01", "date_created": "2010-04-02 13:01:17"}}, {"pk": 164, "model": "money.transaction", "fields": {"comment": "", "account": 3, "mobile": false, "transfer": false, "payee": 3, "amount": "-48.45", "date": "2009-04-23", "date_created": "2010-04-02 13:01:17"}}, {"pk": 165, "model": "money.transaction", "fields": {"comment": "", "account": 3, "mobile": false, "transfer": false, "payee": 7, "amount": "-34.82", "date": "2009-08-08", "date_created": "2010-04-02 13:01:17"}}, {"pk": 166, "model": "money.transaction", "fields": {"comment": "", "account": 3, "mobile": false, "transfer": false, "payee": 2, "amount": "-45.52", "date": "2010-02-24", "date_created": "2010-04-02 13:01:17"}}, {"pk": 167, "model": "money.transaction", "fields": {"comment": "", "account": 3, "mobile": false, "transfer": false, "payee": 9, "amount": "875.21", "date": "2010-03-28", "date_created": "2010-04-02 13:01:17"}}, {"pk": 168, "model": "money.transaction", "fields": {"comment": "", "account": 3, "mobile": false, "transfer": false, "payee": 5, "amount": "-118.16", "date": "2009-04-07", "date_created": "2010-04-02 13:01:17"}}, {"pk": 169, "model": "money.transaction", "fields": {"comment": "", "account": 3, "mobile": false, "transfer": false, "payee": 1, "amount": "-92.74", "date": "2009-06-14", "date_created": "2010-04-02 13:01:17"}}, {"pk": 170, "model": "money.transaction", "fields": {"comment": "", "account": 3, "mobile": false, "transfer": false, "payee": 1, "amount": "-109.87", "date": "2009-04-16", "date_created": "2010-04-02 13:01:17"}}, {"pk": 171, "model": "money.transaction", "fields": {"comment": "", "account": 3, "mobile": false, "transfer": false, "payee": 5, "amount": "-95.45", "date": "2009-08-01", "date_created": "2010-04-02 13:01:17"}}, {"pk": 172, "model": "money.transaction", "fields": {"comment": "", "account": 3, "mobile": false, "transfer": false, "payee": 5, "amount": "-44.44", "date": "2009-08-08", "date_created": "2010-04-02 13:01:17"}}, {"pk": 173, "model": "money.transaction", "fields": {"comment": "", "account": 3, "mobile": false, "transfer": false, "payee": 1, "amount": "-96.09", "date": "2009-10-06", "date_created": "2010-04-02 13:01:17"}}, {"pk": 174, "model": "money.transaction", "fields": {"comment": "", "account": 3, "mobile": false, "transfer": false, "payee": 8, "amount": "-55.54", "date": "2009-05-20", "date_created": "2010-04-02 13:01:17"}}, {"pk": 175, "model": "money.transaction", "fields": {"comment": "", "account": 3, "mobile": false, "transfer": false, "payee": 4, "amount": "-33.98", "date": "2010-02-12", "date_created": "2010-04-02 13:01:17"}}, {"pk": 176, "model": "money.transaction", "fields": {"comment": "", "account": 3, "mobile": false, "transfer": false, "payee": 9, "amount": "928.09", "date": "2009-10-04", "date_created": "2010-04-02 13:01:17"}}, {"pk": 177, "model": "money.transaction", "fields": {"comment": "", "account": 3, "mobile": false, "transfer": false, "payee": 5, "amount": "-69.58", "date": "2009-10-18", "date_created": "2010-04-02 13:01:17"}}, {"pk": 178, "model": "money.transaction", "fields": {"comment": "", "account": 3, "mobile": false, "transfer": false, "payee": 1, "amount": "-30.49", "date": "2009-10-08", "date_created": "2010-04-02 13:01:17"}}, {"pk": 179, "model": "money.transaction", "fields": {"comment": "", "account": 3, "mobile": false, "transfer": false, "payee": 2, "amount": "-41.26", "date": "2009-08-14", "date_created": "2010-04-02 13:01:17"}}, {"pk": 180, "model": "money.transaction", "fields": {"comment": "", "account": 3, "mobile": false, "transfer": false, "payee": 9, "amount": "1118.36", "date": "2009-07-21", "date_created": "2010-04-02 13:01:17"}}, {"pk": 181, "model": "money.transaction", "fields": {"comment": "", "account": 3, "mobile": false, "transfer": false, "payee": 8, "amount": "-51.19", "date": "2009-08-09", "date_created": "2010-04-02 13:01:17"}}, {"pk": 182, "model": "money.transaction", "fields": {"comment": "", "account": 3, "mobile": false, "transfer": false, "payee": 5, "amount": "-71.10", "date": "2009-11-21", "date_created": "2010-04-02 13:01:17"}}, {"pk": 183, "model": "money.transaction", "fields": {"comment": "", "account": 3, "mobile": false, "transfer": false, "payee": 6, "amount": "-14.01", "date": "2009-12-10", "date_created": "2010-04-02 13:01:17"}}, {"pk": 184, "model": "money.transaction", "fields": {"comment": "", "account": 3, "mobile": false, "transfer": false, "payee": 5, "amount": "-23.37", "date": "2009-09-03", "date_created": "2010-04-02 13:01:18"}}, {"pk": 185, "model": "money.transaction", "fields": {"comment": "", "account": 3, "mobile": false, "transfer": false, "payee": 5, "amount": "-103.22", "date": "2010-02-12", "date_created": "2010-04-02 13:01:18"}}, {"pk": 186, "model": "money.transaction", "fields": {"comment": "", "account": 3, "mobile": false, "transfer": false, "payee": 9, "amount": "866.29", "date": "2010-02-24", "date_created": "2010-04-02 13:01:18"}}, {"pk": 187, "model": "money.transaction", "fields": {"comment": "", "account": 3, "mobile": false, "transfer": false, "payee": 5, "amount": "-16.91", "date": "2009-12-10", "date_created": "2010-04-02 13:01:18"}}, {"pk": 188, "model": "money.transaction", "fields": {"comment": "", "account": 3, "mobile": false, "transfer": false, "payee": 5, "amount": "-35.00", "date": "2009-06-18", "date_created": "2010-04-02 13:01:18"}}, {"pk": 189, "model": "money.transaction", "fields": {"comment": "", "account": 3, "mobile": false, "transfer": false, "payee": 6, "amount": "-43.73", "date": "2010-02-09", "date_created": "2010-04-02 13:01:18"}}, {"pk": 190, "model": "money.transaction", "fields": {"comment": "", "account": 3, "mobile": false, "transfer": false, "payee": 1, "amount": "-94.48", "date": "2009-05-20", "date_created": "2010-04-02 13:01:18"}}, {"pk": 191, "model": "money.transaction", "fields": {"comment": "", "account": 3, "mobile": false, "transfer": false, "payee": 1, "amount": "-123.87", "date": "2009-07-17", "date_created": "2010-04-02 13:01:18"}}, {"pk": 192, "model": "money.transaction", "fields": {"comment": "", "account": 3, "mobile": false, "transfer": false, "payee": 5, "amount": "-27.85", "date": "2010-01-09", "date_created": "2010-04-02 13:01:18"}}, {"pk": 193, "model": "money.transaction", "fields": {"comment": "", "account": 3, "mobile": false, "transfer": false, "payee": 5, "amount": "-52.18", "date": "2009-08-13", "date_created": "2010-04-02 13:01:18"}}, {"pk": 194, "model": "money.transaction", "fields": {"comment": "", "account": 3, "mobile": false, "transfer": false, "payee": 2, "amount": "-41.39", "date": "2009-04-19", "date_created": "2010-04-02 13:01:18"}}, {"pk": 195, "model": "money.transaction", "fields": {"comment": "", "account": 3, "mobile": false, "transfer": false, "payee": 1, "amount": "-104.13", "date": "2010-02-11", "date_created": "2010-04-02 13:01:18"}}, {"pk": 196, "model": "money.transaction", "fields": {"comment": "", "account": 3, "mobile": false, "transfer": false, "payee": 5, "amount": "-128.10", "date": "2009-09-07", "date_created": "2010-04-02 13:01:18"}}, {"pk": 197, "model": "money.transaction", "fields": {"comment": "", "account": 3, "mobile": false, "transfer": false, "payee": 5, "amount": "-67.49", "date": "2009-07-18", "date_created": "2010-04-02 13:01:18"}}, {"pk": 198, "model": "money.transaction", "fields": {"comment": "", "account": 3, "mobile": false, "transfer": false, "payee": 5, "amount": "-82.98", "date": "2009-11-03", "date_created": "2010-04-02 13:01:18"}}, {"pk": 199, "model": "money.transaction", "fields": {"comment": "", "account": 3, "mobile": false, "transfer": false, "payee": 1, "amount": "-1.21", "date": "2009-06-24", "date_created": "2010-04-02 13:01:18"}}, {"pk": 200, "model": "money.transaction", "fields": {"comment": "", "account": 3, "mobile": false, "transfer": false, "payee": 5, "amount": "-77.46", "date": "2009-08-08", "date_created": "2010-04-02 13:01:18"}}, {"pk": 201, "model": "money.transaction", "fields": {"comment": "", "account": 3, "mobile": false, "transfer": false, "payee": 8, "amount": "-57.83", "date": "2009-08-25", "date_created": "2010-04-02 13:01:18"}}, {"pk": 202, "model": "money.transaction", "fields": {"comment": "", "account": 3, "mobile": false, "transfer": false, "payee": 5, "amount": "-57.55", "date": "2009-04-28", "date_created": "2010-04-02 13:01:18"}}, {"pk": 203, "model": "money.transaction", "fields": {"comment": "", "account": 3, "mobile": false, "transfer": false, "payee": 4, "amount": "-21.01", "date": "2009-09-07", "date_created": "2010-04-02 13:01:18"}}, {"pk": 204, "model": "money.transaction", "fields": {"comment": "", "account": 3, "mobile": false, "transfer": false, "payee": 5, "amount": "-120.87", "date": "2010-04-01", "date_created": "2010-04-02 13:01:18"}}, {"pk": 205, "model": "money.transaction", "fields": {"comment": "", "account": 3, "mobile": false, "transfer": false, "payee": 5, "amount": "-134.69", "date": "2010-03-16", "date_created": "2010-04-02 13:01:18"}}, {"pk": 206, "model": "money.transaction", "fields": {"comment": "", "account": 3, "mobile": false, "transfer": false, "payee": 7, "amount": "-65.91", "date": "2009-05-17", "date_created": "2010-04-02 13:01:18"}}, {"pk": 207, "model": "money.transaction", "fields": {"comment": "", "account": 3, "mobile": false, "transfer": false, "payee": 9, "amount": "1091.46", "date": "2009-11-18", "date_created": "2010-04-02 13:01:18"}}, {"pk": 208, "model": "money.transaction", "fields": {"comment": "", "account": 3, "mobile": false, "transfer": false, "payee": 4, "amount": "-7.42", "date": "2009-05-11", "date_created": "2010-04-02 13:01:18"}}, {"pk": 209, "model": "money.transaction", "fields": {"comment": "", "account": 3, "mobile": false, "transfer": false, "payee": 4, "amount": "-38.24", "date": "2009-12-26", "date_created": "2010-04-02 13:01:18"}}, {"pk": 210, "model": "money.transaction", "fields": {"comment": "", "account": 3, "mobile": false, "transfer": false, "payee": 5, "amount": "-106.88", "date": "2009-11-01", "date_created": "2010-04-02 13:01:18"}}, {"pk": 211, "model": "money.transaction", "fields": {"comment": "", "account": 3, "mobile": false, "transfer": false, "payee": 8, "amount": "-32.89", "date": "2009-07-22", "date_created": "2010-04-02 13:01:18"}}, {"pk": 212, "model": "money.transaction", "fields": {"comment": "", "account": 3, "mobile": false, "transfer": false, "payee": 1, "amount": "-91.21", "date": "2009-04-20", "date_created": "2010-04-02 13:01:18"}}, {"pk": 213, "model": "money.transaction", "fields": {"comment": "", "account": 3, "mobile": false, "transfer": false, "payee": 5, "amount": "-4.72", "date": "2009-09-06", "date_created": "2010-04-02 13:01:18"}}, {"pk": 214, "model": "money.transaction", "fields": {"comment": "", "account": 3, "mobile": false, "transfer": false, "payee": 1, "amount": "-112.54", "date": "2009-05-10", "date_created": "2010-04-02 13:01:18"}}, {"pk": 215, "model": "money.transaction", "fields": {"comment": "", "account": 3, "mobile": false, "transfer": false, "payee": 9, "amount": "952.21", "date": "2009-05-02", "date_created": "2010-04-02 13:01:18"}}, {"pk": 216, "model": "money.transaction", "fields": {"comment": "", "account": 3, "mobile": false, "transfer": false, "payee": 1, "amount": "-49.08", "date": "2009-06-01", "date_created": "2010-04-02 13:01:18"}}, {"pk": 217, "model": "money.transaction", "fields": {"comment": "", "account": 3, "mobile": false, "transfer": false, "payee": 1, "amount": "-42.01", "date": "2010-02-27", "date_created": "2010-04-02 13:01:18"}}, {"pk": 218, "model": "money.transaction", "fields": {"comment": "", "account": 3, "mobile": false, "transfer": false, "payee": 1, "amount": "-31.99", "date": "2010-02-10", "date_created": "2010-04-02 13:01:18"}}, {"pk": 219, "model": "money.transaction", "fields": {"comment": "", "account": 3, "mobile": false, "transfer": false, "payee": 5, "amount": "-130.48", "date": "2009-04-11", "date_created": "2010-04-02 13:01:18"}}, {"pk": 220, "model": "money.transaction", "fields": {"comment": "", "account": 3, "mobile": false, "transfer": false, "payee": 4, "amount": "-11.72", "date": "2009-05-29", "date_created": "2010-04-02 13:01:18"}}, {"pk": 221, "model": "money.transaction", "fields": {"comment": "", "account": 3, "mobile": false, "transfer": false, "payee": 5, "amount": "-137.83", "date": "2010-01-03", "date_created": "2010-04-02 13:01:18"}}, {"pk": 222, "model": "money.transaction", "fields": {"comment": "", "account": 3, "mobile": false, "transfer": false, "payee": 7, "amount": "-47.57", "date": "2009-04-03", "date_created": "2010-04-02 13:01:18"}}, {"pk": 223, "model": "money.transaction", "fields": {"comment": "", "account": 3, "mobile": false, "transfer": false, "payee": 4, "amount": "-8.94", "date": "2009-09-29", "date_created": "2010-04-02 13:01:18"}}, {"pk": 224, "model": "money.transaction", "fields": {"comment": "", "account": 3, "mobile": false, "transfer": false, "payee": 5, "amount": "-33.13", "date": "2009-12-25", "date_created": "2010-04-02 13:01:19"}}, {"pk": 225, "model": "money.transaction", "fields": {"comment": "", "account": 3, "mobile": false, "transfer": false, "payee": 4, "amount": "-17.11", "date": "2010-03-21", "date_created": "2010-04-02 13:01:19"}}, {"pk": 226, "model": "money.transaction", "fields": {"comment": "", "account": 3, "mobile": false, "transfer": false, "payee": 7, "amount": "-37.72", "date": "2009-06-09", "date_created": "2010-04-02 13:01:19"}}, {"pk": 227, "model": "money.transaction", "fields": {"comment": "", "account": 3, "mobile": false, "transfer": false, "payee": 8, "amount": "-63.62", "date": "2009-09-12", "date_created": "2010-04-02 13:01:19"}}, {"pk": 228, "model": "money.transaction", "fields": {"comment": "", "account": 3, "mobile": false, "transfer": false, "payee": 1, "amount": "-38.15", "date": "2010-01-18", "date_created": "2010-04-02 13:01:19"}}, {"pk": 229, "model": "money.transaction", "fields": {"comment": "", "account": 3, "mobile": false, "transfer": false, "payee": 4, "amount": "-11.32", "date": "2009-12-14", "date_created": "2010-04-02 13:01:19"}}, {"pk": 230, "model": "money.transaction", "fields": {"comment": "", "account": 3, "mobile": false, "transfer": false, "payee": 7, "amount": "-51.70", "date": "2009-04-05", "date_created": "2010-04-02 13:01:19"}}, {"pk": 231, "model": "money.transaction", "fields": {"comment": "", "account": 3, "mobile": false, "transfer": false, "payee": 5, "amount": "-141.57", "date": "2010-01-24", "date_created": "2010-04-02 13:01:19"}}, {"pk": 232, "model": "money.transaction", "fields": {"comment": "", "account": 3, "mobile": false, "transfer": false, "payee": 9, "amount": "1079.89", "date": "2010-03-11", "date_created": "2010-04-02 13:01:19"}}, {"pk": 233, "model": "money.transaction", "fields": {"comment": "", "account": 3, "mobile": false, "transfer": false, "payee": 8, "amount": "-43.77", "date": "2009-07-21", "date_created": "2010-04-02 13:01:19"}}, {"pk": 234, "model": "money.transaction", "fields": {"comment": "", "account": 3, "mobile": false, "transfer": false, "payee": 8, "amount": "-44.70", "date": "2009-08-11", "date_created": "2010-04-02 13:01:19"}}, {"pk": 235, "model": "money.transaction", "fields": {"comment": "", "account": 3, "mobile": false, "transfer": false, "payee": 1, "amount": "-102.84", "date": "2009-05-22", "date_created": "2010-04-02 13:01:19"}}, {"pk": 236, "model": "money.transaction", "fields": {"comment": "", "account": 3, "mobile": false, "transfer": false, "payee": 8, "amount": "-67.38", "date": "2009-07-01", "date_created": "2010-04-02 13:01:19"}}, {"pk": 237, "model": "money.transaction", "fields": {"comment": "", "account": 3, "mobile": false, "transfer": false, "payee": 1, "amount": "-93.48", "date": "2009-08-31", "date_created": "2010-04-02 13:01:19"}}, {"pk": 238, "model": "money.transaction", "fields": {"comment": "", "account": 3, "mobile": false, "transfer": false, "payee": 6, "amount": "-49.17", "date": "2010-01-06", "date_created": "2010-04-02 13:01:19"}}, {"pk": 239, "model": "money.transaction", "fields": {"comment": "", "account": 3, "mobile": false, "transfer": false, "payee": 4, "amount": "-6.42", "date": "2009-10-29", "date_created": "2010-04-02 13:01:19"}}, {"pk": 240, "model": "money.transaction", "fields": {"comment": "", "account": 3, "mobile": false, "transfer": false, "payee": 4, "amount": "-9.80", "date": "2009-05-11", "date_created": "2010-04-02 13:01:19"}}, {"pk": 241, "model": "money.transaction", "fields": {"comment": "", "account": 4, "mobile": false, "transfer": false, "payee": 8, "amount": "-59.40", "date": "2009-05-18", "date_created": "2010-04-02 13:01:19"}}, {"pk": 242, "model": "money.transaction", "fields": {"comment": "", "account": 4, "mobile": false, "transfer": false, "payee": 4, "amount": "-13.64", "date": "2009-07-10", "date_created": "2010-04-02 13:01:19"}}, {"pk": 243, "model": "money.transaction", "fields": {"comment": "", "account": 4, "mobile": false, "transfer": false, "payee": 3, "amount": "-31.34", "date": "2009-12-01", "date_created": "2010-04-02 13:01:19"}}, {"pk": 244, "model": "money.transaction", "fields": {"comment": "", "account": 4, "mobile": false, "transfer": false, "payee": 2, "amount": "-23.38", "date": "2009-06-28", "date_created": "2010-04-02 13:01:19"}}, {"pk": 245, "model": "money.transaction", "fields": {"comment": "", "account": 4, "mobile": false, "transfer": false, "payee": 2, "amount": "-23.44", "date": "2009-12-02", "date_created": "2010-04-02 13:01:19"}}, {"pk": 246, "model": "money.transaction", "fields": {"comment": "", "account": 4, "mobile": false, "transfer": false, "payee": 9, "amount": "916.41", "date": "2010-03-03", "date_created": "2010-04-02 13:01:19"}}, {"pk": 247, "model": "money.transaction", "fields": {"comment": "", "account": 4, "mobile": false, "transfer": false, "payee": 1, "amount": "-39.70", "date": "2009-09-05", "date_created": "2010-04-02 13:01:19"}}, {"pk": 248, "model": "money.transaction", "fields": {"comment": "", "account": 4, "mobile": false, "transfer": false, "payee": 4, "amount": "-18.47", "date": "2009-04-20", "date_created": "2010-04-02 13:01:19"}}, {"pk": 249, "model": "money.transaction", "fields": {"comment": "", "account": 4, "mobile": false, "transfer": false, "payee": 4, "amount": "-12.84", "date": "2010-02-28", "date_created": "2010-04-02 13:01:19"}}, {"pk": 250, "model": "money.transaction", "fields": {"comment": "", "account": 4, "mobile": false, "transfer": false, "payee": 1, "amount": "-80.49", "date": "2010-02-15", "date_created": "2010-04-02 13:01:19"}}, {"pk": 251, "model": "money.transaction", "fields": {"comment": "", "account": 4, "mobile": false, "transfer": false, "payee": 7, "amount": "-70.26", "date": "2009-12-03", "date_created": "2010-04-02 13:01:19"}}, {"pk": 252, "model": "money.transaction", "fields": {"comment": "", "account": 4, "mobile": false, "transfer": false, "payee": 9, "amount": "1047.18", "date": "2009-05-21", "date_created": "2010-04-02 13:01:19"}}, {"pk": 253, "model": "money.transaction", "fields": {"comment": "", "account": 4, "mobile": false, "transfer": false, "payee": 2, "amount": "-31.69", "date": "2009-12-14", "date_created": "2010-04-02 13:01:19"}}, {"pk": 254, "model": "money.transaction", "fields": {"comment": "", "account": 4, "mobile": false, "transfer": false, "payee": 8, "amount": "-31.61", "date": "2010-03-08", "date_created": "2010-04-02 13:01:19"}}, {"pk": 255, "model": "money.transaction", "fields": {"comment": "", "account": 4, "mobile": false, "transfer": false, "payee": 1, "amount": "-74.49", "date": "2010-01-06", "date_created": "2010-04-02 13:01:19"}}, {"pk": 256, "model": "money.transaction", "fields": {"comment": "", "account": 4, "mobile": false, "transfer": false, "payee": 9, "amount": "1070.91", "date": "2009-09-08", "date_created": "2010-04-02 13:01:19"}}, {"pk": 257, "model": "money.transaction", "fields": {"comment": "", "account": 4, "mobile": false, "transfer": false, "payee": 5, "amount": "-1.39", "date": "2010-02-11", "date_created": "2010-04-02 13:01:19"}}, {"pk": 258, "model": "money.transaction", "fields": {"comment": "", "account": 4, "mobile": false, "transfer": false, "payee": 9, "amount": "972.54", "date": "2009-05-02", "date_created": "2010-04-02 13:01:19"}}, {"pk": 259, "model": "money.transaction", "fields": {"comment": "", "account": 4, "mobile": false, "transfer": false, "payee": 5, "amount": "-47.03", "date": "2009-09-25", "date_created": "2010-04-02 13:01:19"}}, {"pk": 260, "model": "money.transaction", "fields": {"comment": "", "account": 4, "mobile": false, "transfer": false, "payee": 2, "amount": "-37.42", "date": "2009-11-23", "date_created": "2010-04-02 13:01:19"}}, {"pk": 261, "model": "money.transaction", "fields": {"comment": "", "account": 4, "mobile": false, "transfer": false, "payee": 8, "amount": "-44.54", "date": "2010-03-14", "date_created": "2010-04-02 13:01:19"}}, {"pk": 262, "model": "money.transaction", "fields": {"comment": "", "account": 4, "mobile": false, "transfer": false, "payee": 1, "amount": "-94.87", "date": "2010-03-01", "date_created": "2010-04-02 13:01:19"}}, {"pk": 263, "model": "money.transaction", "fields": {"comment": "", "account": 4, "mobile": false, "transfer": false, "payee": 8, "amount": "-61.10", "date": "2009-10-02", "date_created": "2010-04-02 13:01:19"}}, {"pk": 264, "model": "money.transaction", "fields": {"comment": "", "account": 4, "mobile": false, "transfer": false, "payee": 1, "amount": "-60.20", "date": "2009-10-11", "date_created": "2010-04-02 13:01:19"}}, {"pk": 265, "model": "money.transaction", "fields": {"comment": "", "account": 4, "mobile": false, "transfer": false, "payee": 8, "amount": "-29.98", "date": "2009-07-16", "date_created": "2010-04-02 13:01:19"}}, {"pk": 266, "model": "money.transaction", "fields": {"comment": "", "account": 4, "mobile": false, "transfer": false, "payee": 4, "amount": "-24.82", "date": "2009-08-22", "date_created": "2010-04-02 13:01:19"}}, {"pk": 267, "model": "money.transaction", "fields": {"comment": "", "account": 4, "mobile": false, "transfer": false, "payee": 2, "amount": "-48.54", "date": "2009-05-07", "date_created": "2010-04-02 13:01:19"}}, {"pk": 268, "model": "money.transaction", "fields": {"comment": "", "account": 4, "mobile": false, "transfer": false, "payee": 4, "amount": "-21.97", "date": "2009-06-21", "date_created": "2010-04-02 13:01:19"}}, {"pk": 269, "model": "money.transaction", "fields": {"comment": "", "account": 4, "mobile": false, "transfer": false, "payee": 9, "amount": "1182.25", "date": "2009-10-12", "date_created": "2010-04-02 13:01:20"}}, {"pk": 270, "model": "money.transaction", "fields": {"comment": "", "account": 4, "mobile": false, "transfer": false, "payee": 1, "amount": "-43.46", "date": "2009-08-16", "date_created": "2010-04-02 13:01:20"}}, {"pk": 271, "model": "money.transaction", "fields": {"comment": "", "account": 4, "mobile": false, "transfer": false, "payee": 2, "amount": "-25.62", "date": "2009-06-02", "date_created": "2010-04-02 13:01:20"}}, {"pk": 272, "model": "money.transaction", "fields": {"comment": "", "account": 4, "mobile": false, "transfer": false, "payee": 1, "amount": "-0.83", "date": "2010-01-15", "date_created": "2010-04-02 13:01:20"}}, {"pk": 273, "model": "money.transaction", "fields": {"comment": "", "account": 4, "mobile": false, "transfer": false, "payee": 9, "amount": "826.37", "date": "2009-10-31", "date_created": "2010-04-02 13:01:20"}}, {"pk": 274, "model": "money.transaction", "fields": {"comment": "", "account": 4, "mobile": false, "transfer": false, "payee": 5, "amount": "-114.33", "date": "2009-05-22", "date_created": "2010-04-02 13:01:20"}}, {"pk": 275, "model": "money.transaction", "fields": {"comment": "", "account": 4, "mobile": false, "transfer": false, "payee": 9, "amount": "891.63", "date": "2009-06-03", "date_created": "2010-04-02 13:01:20"}}, {"pk": 276, "model": "money.transaction", "fields": {"comment": "", "account": 4, "mobile": false, "transfer": false, "payee": 1, "amount": "-87.81", "date": "2009-08-26", "date_created": "2010-04-02 13:01:20"}}, {"pk": 277, "model": "money.transaction", "fields": {"comment": "", "account": 4, "mobile": false, "transfer": false, "payee": 4, "amount": "-48.61", "date": "2010-02-05", "date_created": "2010-04-02 13:01:20"}}, {"pk": 278, "model": "money.transaction", "fields": {"comment": "", "account": 4, "mobile": false, "transfer": false, "payee": 1, "amount": "-56.93", "date": "2009-08-19", "date_created": "2010-04-02 13:01:20"}}, {"pk": 279, "model": "money.transaction", "fields": {"comment": "", "account": 4, "mobile": false, "transfer": false, "payee": 4, "amount": "-28.68", "date": "2010-03-03", "date_created": "2010-04-02 13:01:20"}}, {"pk": 280, "model": "money.transaction", "fields": {"comment": "", "account": 4, "mobile": false, "transfer": false, "payee": 1, "amount": "-134.90", "date": "2009-10-30", "date_created": "2010-04-02 13:01:20"}}, {"pk": 281, "model": "money.transaction", "fields": {"comment": "", "account": 4, "mobile": false, "transfer": false, "payee": 5, "amount": "-2.43", "date": "2009-10-05", "date_created": "2010-04-02 13:01:20"}}, {"pk": 282, "model": "money.transaction", "fields": {"comment": "", "account": 4, "mobile": false, "transfer": false, "payee": 6, "amount": "-20.20", "date": "2009-11-14", "date_created": "2010-04-02 13:01:20"}}, {"pk": 283, "model": "money.transaction", "fields": {"comment": "", "account": 4, "mobile": false, "transfer": false, "payee": 5, "amount": "-150.45", "date": "2009-11-02", "date_created": "2010-04-02 13:01:20"}}, {"pk": 284, "model": "money.transaction", "fields": {"comment": "", "account": 4, "mobile": false, "transfer": false, "payee": 5, "amount": "-101.04", "date": "2010-02-16", "date_created": "2010-04-02 13:01:20"}}, {"pk": 285, "model": "money.transaction", "fields": {"comment": "", "account": 4, "mobile": false, "transfer": false, "payee": 8, "amount": "-41.22", "date": "2009-05-12", "date_created": "2010-04-02 13:01:20"}}, {"pk": 286, "model": "money.transaction", "fields": {"comment": "", "account": 4, "mobile": false, "transfer": false, "payee": 8, "amount": "-33.86", "date": "2009-04-24", "date_created": "2010-04-02 13:01:20"}}, {"pk": 287, "model": "money.transaction", "fields": {"comment": "", "account": 4, "mobile": false, "transfer": false, "payee": 5, "amount": "-68.20", "date": "2009-08-11", "date_created": "2010-04-02 13:01:20"}}, {"pk": 288, "model": "money.transaction", "fields": {"comment": "", "account": 4, "mobile": false, "transfer": false, "payee": 4, "amount": "-48.33", "date": "2009-07-30", "date_created": "2010-04-02 13:01:20"}}, {"pk": 289, "model": "money.transaction", "fields": {"comment": "", "account": 4, "mobile": false, "transfer": false, "payee": 5, "amount": "-87.59", "date": "2009-08-26", "date_created": "2010-04-02 13:01:20"}}, {"pk": 290, "model": "money.transaction", "fields": {"comment": "", "account": 4, "mobile": false, "transfer": false, "payee": 5, "amount": "-91.93", "date": "2010-02-25", "date_created": "2010-04-02 13:01:20"}}, {"pk": 291, "model": "money.transaction", "fields": {"comment": "", "account": 4, "mobile": false, "transfer": false, "payee": 8, "amount": "-61.40", "date": "2010-01-28", "date_created": "2010-04-02 13:01:20"}}, {"pk": 292, "model": "money.transaction", "fields": {"comment": "", "account": 4, "mobile": false, "transfer": false, "payee": 7, "amount": "-42.36", "date": "2009-04-11", "date_created": "2010-04-02 13:01:20"}}, {"pk": 293, "model": "money.transaction", "fields": {"comment": "", "account": 4, "mobile": false, "transfer": false, "payee": 5, "amount": "-19.43", "date": "2009-11-03", "date_created": "2010-04-02 13:01:20"}}, {"pk": 294, "model": "money.transaction", "fields": {"comment": "", "account": 4, "mobile": false, "transfer": false, "payee": 2, "amount": "-11.25", "date": "2009-11-26", "date_created": "2010-04-02 13:01:20"}}, {"pk": 295, "model": "money.transaction", "fields": {"comment": "", "account": 4, "mobile": false, "transfer": false, "payee": 2, "amount": "-43.85", "date": "2010-02-20", "date_created": "2010-04-02 13:01:20"}}, {"pk": 296, "model": "money.transaction", "fields": {"comment": "", "account": 4, "mobile": false, "transfer": false, "payee": 9, "amount": "1168.35", "date": "2009-12-31", "date_created": "2010-04-02 13:01:20"}}, {"pk": 297, "model": "money.transaction", "fields": {"comment": "", "account": 4, "mobile": false, "transfer": false, "payee": 7, "amount": "-76.50", "date": "2010-02-21", "date_created": "2010-04-02 13:01:20"}}, {"pk": 298, "model": "money.transaction", "fields": {"comment": "", "account": 4, "mobile": false, "transfer": false, "payee": 1, "amount": "-118.48", "date": "2010-03-24", "date_created": "2010-04-02 13:01:20"}}, {"pk": 299, "model": "money.transaction", "fields": {"comment": "", "account": 4, "mobile": false, "transfer": false, "payee": 4, "amount": "-25.22", "date": "2009-05-11", "date_created": "2010-04-02 13:01:20"}}, {"pk": 300, "model": "money.transaction", "fields": {"comment": "", "account": 4, "mobile": false, "transfer": false, "payee": 4, "amount": "-22.02", "date": "2009-11-29", "date_created": "2010-04-02 13:01:20"}}, {"pk": 301, "model": "money.transaction", "fields": {"comment": "", "account": 4, "mobile": false, "transfer": false, "payee": 7, "amount": "-78.12", "date": "2009-06-13", "date_created": "2010-04-02 13:01:20"}}, {"pk": 302, "model": "money.transaction", "fields": {"comment": "", "account": 4, "mobile": false, "transfer": false, "payee": 5, "amount": "-98.69", "date": "2009-10-28", "date_created": "2010-04-02 13:01:20"}}, {"pk": 303, "model": "money.transaction", "fields": {"comment": "", "account": 4, "mobile": false, "transfer": false, "payee": 5, "amount": "-81.05", "date": "2009-09-01", "date_created": "2010-04-02 13:01:20"}}, {"pk": 304, "model": "money.transaction", "fields": {"comment": "", "account": 4, "mobile": false, "transfer": false, "payee": 8, "amount": "-59.43", "date": "2009-11-17", "date_created": "2010-04-02 13:01:20"}}, {"pk": 305, "model": "money.transaction", "fields": {"comment": "", "account": 4, "mobile": false, "transfer": false, "payee": 4, "amount": "-15.02", "date": "2009-12-04", "date_created": "2010-04-02 13:01:20"}}, {"pk": 306, "model": "money.transaction", "fields": {"comment": "", "account": 4, "mobile": false, "transfer": false, "payee": 3, "amount": "-18.88", "date": "2009-04-10", "date_created": "2010-04-02 13:01:20"}}, {"pk": 307, "model": "money.transaction", "fields": {"comment": "", "account": 4, "mobile": false, "transfer": false, "payee": 4, "amount": "-23.00", "date": "2009-07-22", "date_created": "2010-04-02 13:01:20"}}, {"pk": 308, "model": "money.transaction", "fields": {"comment": "", "account": 4, "mobile": false, "transfer": false, "payee": 9, "amount": "1015.42", "date": "2010-01-03", "date_created": "2010-04-02 13:01:20"}}, {"pk": 309, "model": "money.transaction", "fields": {"comment": "", "account": 4, "mobile": false, "transfer": false, "payee": 9, "amount": "917.47", "date": "2009-10-09", "date_created": "2010-04-02 13:01:20"}}, {"pk": 310, "model": "money.transaction", "fields": {"comment": "", "account": 4, "mobile": false, "transfer": false, "payee": 1, "amount": "-116.08", "date": "2010-02-15", "date_created": "2010-04-02 13:01:20"}}, {"pk": 311, "model": "money.transaction", "fields": {"comment": "", "account": 4, "mobile": false, "transfer": false, "payee": 9, "amount": "1134.69", "date": "2010-03-14", "date_created": "2010-04-02 13:01:20"}}, {"pk": 312, "model": "money.transaction", "fields": {"comment": "", "account": 4, "mobile": false, "transfer": false, "payee": 8, "amount": "-31.63", "date": "2010-01-28", "date_created": "2010-04-02 13:01:20"}}, {"pk": 313, "model": "money.transaction", "fields": {"comment": "", "account": 4, "mobile": false, "transfer": false, "payee": 7, "amount": "-71.55", "date": "2010-02-09", "date_created": "2010-04-02 13:01:20"}}, {"pk": 314, "model": "money.transaction", "fields": {"comment": "", "account": 4, "mobile": false, "transfer": false, "payee": 5, "amount": "-61.43", "date": "2009-12-22", "date_created": "2010-04-02 13:01:20"}}, {"pk": 315, "model": "money.transaction", "fields": {"comment": "", "account": 4, "mobile": false, "transfer": false, "payee": 7, "amount": "-32.97", "date": "2009-05-05", "date_created": "2010-04-02 13:01:21"}}, {"pk": 316, "model": "money.transaction", "fields": {"comment": "", "account": 4, "mobile": false, "transfer": false, "payee": 5, "amount": "-75.10", "date": "2009-06-24", "date_created": "2010-04-02 13:01:21"}}, {"pk": 317, "model": "money.transaction", "fields": {"comment": "", "account": 4, "mobile": false, "transfer": false, "payee": 8, "amount": "-42.62", "date": "2009-10-11", "date_created": "2010-04-02 13:01:21"}}, {"pk": 318, "model": "money.transaction", "fields": {"comment": "", "account": 4, "mobile": false, "transfer": false, "payee": 2, "amount": "-23.73", "date": "2009-06-06", "date_created": "2010-04-02 13:01:21"}}, {"pk": 319, "model": "money.transaction", "fields": {"comment": "", "account": 4, "mobile": false, "transfer": false, "payee": 7, "amount": "-40.05", "date": "2010-01-22", "date_created": "2010-04-02 13:01:21"}}, {"pk": 320, "model": "money.transaction", "fields": {"comment": "", "account": 4, "mobile": false, "transfer": false, "payee": 5, "amount": "-98.69", "date": "2009-11-17", "date_created": "2010-04-02 13:01:21"}}, {"pk": 321, "model": "money.transaction", "fields": {"comment": "", "account": 4, "mobile": false, "transfer": false, "payee": 9, "amount": "804.51", "date": "2010-03-15", "date_created": "2010-04-02 13:01:21"}}, {"pk": 322, "model": "money.transaction", "fields": {"comment": "", "account": 4, "mobile": false, "transfer": false, "payee": 8, "amount": "-41.37", "date": "2009-07-30", "date_created": "2010-04-02 13:01:21"}}, {"pk": 323, "model": "money.transaction", "fields": {"comment": "", "account": 4, "mobile": false, "transfer": false, "payee": 8, "amount": "-74.22", "date": "2009-06-15", "date_created": "2010-04-02 13:01:21"}}, {"pk": 324, "model": "money.transaction", "fields": {"comment": "", "account": 4, "mobile": false, "transfer": false, "payee": 1, "amount": "-55.54", "date": "2009-05-28", "date_created": "2010-04-02 13:01:21"}}, {"pk": 325, "model": "money.transaction", "fields": {"comment": "", "account": 4, "mobile": false, "transfer": false, "payee": 5, "amount": "-149.90", "date": "2009-05-18", "date_created": "2010-04-02 13:01:21"}}, {"pk": 326, "model": "money.transaction", "fields": {"comment": "", "account": 4, "mobile": false, "transfer": false, "payee": 5, "amount": "-65.75", "date": "2009-12-19", "date_created": "2010-04-02 13:01:21"}}, {"pk": 327, "model": "money.transaction", "fields": {"comment": "", "account": 4, "mobile": false, "transfer": false, "payee": 5, "amount": "-11.84", "date": "2009-05-07", "date_created": "2010-04-02 13:01:21"}}, {"pk": 328, "model": "money.transaction", "fields": {"comment": "", "account": 4, "mobile": false, "transfer": false, "payee": 7, "amount": "-61.30", "date": "2010-01-28", "date_created": "2010-04-02 13:01:21"}}, {"pk": 329, "model": "money.transaction", "fields": {"comment": "", "account": 4, "mobile": false, "transfer": false, "payee": 4, "amount": "-47.34", "date": "2009-06-01", "date_created": "2010-04-02 13:01:21"}}, {"pk": 330, "model": "money.transaction", "fields": {"comment": "", "account": 4, "mobile": false, "transfer": false, "payee": 2, "amount": "-8.74", "date": "2009-04-27", "date_created": "2010-04-02 13:01:21"}}, {"pk": 331, "model": "money.transaction", "fields": {"comment": "", "account": 4, "mobile": false, "transfer": false, "payee": 8, "amount": "-43.82", "date": "2009-12-04", "date_created": "2010-04-02 13:01:21"}}, {"pk": 332, "model": "money.transaction", "fields": {"comment": "", "account": 4, "mobile": false, "transfer": false, "payee": 7, "amount": "-75.76", "date": "2009-08-26", "date_created": "2010-04-02 13:01:21"}}, {"pk": 333, "model": "money.transaction", "fields": {"comment": "", "account": 4, "mobile": false, "transfer": false, "payee": 1, "amount": "-78.14", "date": "2009-08-30", "date_created": "2010-04-02 13:01:21"}}, {"pk": 334, "model": "money.transaction", "fields": {"comment": "", "account": 4, "mobile": false, "transfer": false, "payee": 8, "amount": "-65.21", "date": "2010-02-15", "date_created": "2010-04-02 13:01:21"}}, {"pk": 335, "model": "money.transaction", "fields": {"comment": "", "account": 4, "mobile": false, "transfer": false, "payee": 4, "amount": "-8.85", "date": "2009-07-24", "date_created": "2010-04-02 13:01:21"}}, {"pk": 336, "model": "money.transaction", "fields": {"comment": "", "account": 4, "mobile": false, "transfer": false, "payee": 1, "amount": "-45.76", "date": "2009-05-31", "date_created": "2010-04-02 13:01:21"}}, {"pk": 337, "model": "money.transaction", "fields": {"comment": "", "account": 4, "mobile": false, "transfer": false, "payee": 7, "amount": "-36.14", "date": "2009-10-15", "date_created": "2010-04-02 13:01:21"}}, {"pk": 338, "model": "money.transaction", "fields": {"comment": "", "account": 4, "mobile": false, "transfer": false, "payee": 1, "amount": "-111.46", "date": "2010-02-09", "date_created": "2010-04-02 13:01:21"}}, {"pk": 339, "model": "money.transaction", "fields": {"comment": "", "account": 4, "mobile": false, "transfer": false, "payee": 5, "amount": "-145.47", "date": "2009-07-31", "date_created": "2010-04-02 13:01:21"}}, {"pk": 1, "model": "money.taglink", "fields": {"transaction": 1, "tag": 1, "split": "827.59"}}, {"pk": 2, "model": "money.taglink", "fields": {"transaction": 2, "tag": 2, "split": "-149.37"}}, {"pk": 3, "model": "money.taglink", "fields": {"transaction": 3, "tag": 3, "split": "-41.01"}}, {"pk": 4, "model": "money.taglink", "fields": {"transaction": 3, "tag": 4, "split": "-41.01"}}, {"pk": 5, "model": "money.taglink", "fields": {"transaction": 3, "tag": 5, "split": "-41.01"}}, {"pk": 6, "model": "money.taglink", "fields": {"transaction": 4, "tag": 2, "split": "-25.36"}}, {"pk": 7, "model": "money.taglink", "fields": {"transaction": 5, "tag": 7, "split": "-60.66"}}, {"pk": 8, "model": "money.taglink", "fields": {"transaction": 5, "tag": 2, "split": "-60.66"}}, {"pk": 9, "model": "money.taglink", "fields": {"transaction": 6, "tag": 5, "split": "-8.42"}}, {"pk": 10, "model": "money.taglink", "fields": {"transaction": 6, "tag": 10, "split": "-8.42"}}, {"pk": 11, "model": "money.taglink", "fields": {"transaction": 6, "tag": 11, "split": "-8.42"}}, {"pk": 12, "model": "money.taglink", "fields": {"transaction": 6, "tag": 3, "split": "-8.42"}}, {"pk": 13, "model": "money.taglink", "fields": {"transaction": 7, "tag": 2, "split": "-39.08"}}, {"pk": 14, "model": "money.taglink", "fields": {"transaction": 7, "tag": 7, "split": "-39.08"}}, {"pk": 15, "model": "money.taglink", "fields": {"transaction": 8, "tag": 2, "split": "-9.48"}}, {"pk": 16, "model": "money.taglink", "fields": {"transaction": 8, "tag": 7, "split": "-9.48"}}, {"pk": 17, "model": "money.taglink", "fields": {"transaction": 9, "tag": 4, "split": "-8.19"}}, {"pk": 18, "model": "money.taglink", "fields": {"transaction": 9, "tag": 10, "split": "-8.19"}}, {"pk": 19, "model": "money.taglink", "fields": {"transaction": 9, "tag": 5, "split": "-8.19"}}, {"pk": 20, "model": "money.taglink", "fields": {"transaction": 9, "tag": 3, "split": "-8.19"}}, {"pk": 21, "model": "money.taglink", "fields": {"transaction": 10, "tag": 10, "split": "-12.37"}}, {"pk": 22, "model": "money.taglink", "fields": {"transaction": 10, "tag": 5, "split": "-12.37"}}, {"pk": 23, "model": "money.taglink", "fields": {"transaction": 11, "tag": 23, "split": "-68.69"}}, {"pk": 24, "model": "money.taglink", "fields": {"transaction": 12, "tag": 7, "split": "-72.67"}}, {"pk": 25, "model": "money.taglink", "fields": {"transaction": 12, "tag": 2, "split": "-72.67"}}, {"pk": 26, "model": "money.taglink", "fields": {"transaction": 13, "tag": 2, "split": "-34.16"}}, {"pk": 27, "model": "money.taglink", "fields": {"transaction": 14, "tag": 23, "split": "-56.41"}}, {"pk": 28, "model": "money.taglink", "fields": {"transaction": 15, "tag": 2, "split": "-39.24"}}, {"pk": 29, "model": "money.taglink", "fields": {"transaction": 16, "tag": 2, "split": "-85.08"}}, {"pk": 30, "model": "money.taglink", "fields": {"transaction": 16, "tag": 7, "split": "-85.08"}}, {"pk": 31, "model": "money.taglink", "fields": {"transaction": 17, "tag": 2, "split": "-65.55"}}, {"pk": 32, "model": "money.taglink", "fields": {"transaction": 18, "tag": 7, "split": "-95.05"}}, {"pk": 33, "model": "money.taglink", "fields": {"transaction": 19, "tag": 3, "split": "-48.65"}}, {"pk": 34, "model": "money.taglink", "fields": {"transaction": 20, "tag": 2, "split": "-62.53"}}, {"pk": 35, "model": "money.taglink", "fields": {"transaction": 21, "tag": 23, "split": "-55.51"}}, {"pk": 36, "model": "money.taglink", "fields": {"transaction": 22, "tag": 1, "split": "862.17"}}, {"pk": 37, "model": "money.taglink", "fields": {"transaction": 23, "tag": 2, "split": "-82.91"}}, {"pk": 38, "model": "money.taglink", "fields": {"transaction": 24, "tag": 2, "split": "-93.77"}}, {"pk": 39, "model": "money.taglink", "fields": {"transaction": 24, "tag": 7, "split": "-93.77"}}, {"pk": 40, "model": "money.taglink", "fields": {"transaction": 25, "tag": 5, "split": "-38.85"}}, {"pk": 41, "model": "money.taglink", "fields": {"transaction": 26, "tag": 2, "split": "-69.83"}}, {"pk": 42, "model": "money.taglink", "fields": {"transaction": 26, "tag": 7, "split": "-69.83"}}, {"pk": 43, "model": "money.taglink", "fields": {"transaction": 27, "tag": 1, "split": "1129.48"}}, {"pk": 44, "model": "money.taglink", "fields": {"transaction": 28, "tag": 2, "split": "-146.59"}}, {"pk": 45, "model": "money.taglink", "fields": {"transaction": 28, "tag": 7, "split": "-146.59"}}, {"pk": 46, "model": "money.taglink", "fields": {"transaction": 29, "tag": 4, "split": "-36.50"}}, {"pk": 47, "model": "money.taglink", "fields": {"transaction": 30, "tag": 47, "split": "-52.30"}}, {"pk": 48, "model": "money.taglink", "fields": {"transaction": 31, "tag": 47, "split": "-67.60"}}, {"pk": 49, "model": "money.taglink", "fields": {"transaction": 32, "tag": 7, "split": "-85.14"}}, {"pk": 50, "model": "money.taglink", "fields": {"transaction": 33, "tag": 7, "split": "-47.84"}}, {"pk": 51, "model": "money.taglink", "fields": {"transaction": 33, "tag": 2, "split": "-47.84"}}, {"pk": 52, "model": "money.taglink", "fields": {"transaction": 34, "tag": 47, "split": "-29.46"}}, {"pk": 53, "model": "money.taglink", "fields": {"transaction": 35, "tag": 47, "split": "-45.18"}}, {"pk": 54, "model": "money.taglink", "fields": {"transaction": 36, "tag": 47, "split": "-39.56"}}, {"pk": 55, "model": "money.taglink", "fields": {"transaction": 37, "tag": 1, "split": "1146.21"}}, {"pk": 56, "model": "money.taglink", "fields": {"transaction": 38, "tag": 2, "split": "-92.39"}}, {"pk": 57, "model": "money.taglink", "fields": {"transaction": 38, "tag": 7, "split": "-92.39"}}, {"pk": 58, "model": "money.taglink", "fields": {"transaction": 39, "tag": 3, "split": "-23.35"}}, {"pk": 59, "model": "money.taglink", "fields": {"transaction": 39, "tag": 11, "split": "-23.35"}}, {"pk": 60, "model": "money.taglink", "fields": {"transaction": 39, "tag": 4, "split": "-23.35"}}, {"pk": 61, "model": "money.taglink", "fields": {"transaction": 39, "tag": 10, "split": "-23.35"}}, {"pk": 62, "model": "money.taglink", "fields": {"transaction": 40, "tag": 2, "split": "-3.69"}}, {"pk": 63, "model": "money.taglink", "fields": {"transaction": 40, "tag": 7, "split": "-3.69"}}, {"pk": 64, "model": "money.taglink", "fields": {"transaction": 41, "tag": 2, "split": "-48.44"}}, {"pk": 65, "model": "money.taglink", "fields": {"transaction": 41, "tag": 5, "split": "-48.44"}}, {"pk": 66, "model": "money.taglink", "fields": {"transaction": 42, "tag": 23, "split": "-57.87"}}, {"pk": 67, "model": "money.taglink", "fields": {"transaction": 43, "tag": 7, "split": "-50.33"}}, {"pk": 68, "model": "money.taglink", "fields": {"transaction": 43, "tag": 2, "split": "-50.33"}}, {"pk": 69, "model": "money.taglink", "fields": {"transaction": 44, "tag": 4, "split": "-31.42"}}, {"pk": 70, "model": "money.taglink", "fields": {"transaction": 44, "tag": 3, "split": "-31.42"}}, {"pk": 71, "model": "money.taglink", "fields": {"transaction": 44, "tag": 10, "split": "-31.42"}}, {"pk": 72, "model": "money.taglink", "fields": {"transaction": 44, "tag": 11, "split": "-31.42"}}, {"pk": 73, "model": "money.taglink", "fields": {"transaction": 45, "tag": 2, "split": "-81.31"}}, {"pk": 74, "model": "money.taglink", "fields": {"transaction": 45, "tag": 7, "split": "-81.31"}}, {"pk": 75, "model": "money.taglink", "fields": {"transaction": 46, "tag": 2, "split": "-84.58"}}, {"pk": 76, "model": "money.taglink", "fields": {"transaction": 47, "tag": 7, "split": "-88.48"}}, {"pk": 77, "model": "money.taglink", "fields": {"transaction": 48, "tag": 7, "split": "-16.93"}}, {"pk": 78, "model": "money.taglink", "fields": {"transaction": 48, "tag": 2, "split": "-16.93"}}, {"pk": 79, "model": "money.taglink", "fields": {"transaction": 49, "tag": 1, "split": "918.69"}}, {"pk": 80, "model": "money.taglink", "fields": {"transaction": 50, "tag": 2, "split": "-137.15"}}, {"pk": 81, "model": "money.taglink", "fields": {"transaction": 51, "tag": 47, "split": "-71.23"}}, {"pk": 82, "model": "money.taglink", "fields": {"transaction": 52, "tag": 1, "split": "1163.46"}}, {"pk": 83, "model": "money.taglink", "fields": {"transaction": 53, "tag": 3, "split": "-35.20"}}, {"pk": 84, "model": "money.taglink", "fields": {"transaction": 53, "tag": 10, "split": "-35.20"}}, {"pk": 85, "model": "money.taglink", "fields": {"transaction": 53, "tag": 4, "split": "-35.20"}}, {"pk": 86, "model": "money.taglink", "fields": {"transaction": 53, "tag": 11, "split": "-35.20"}}, {"pk": 87, "model": "money.taglink", "fields": {"transaction": 53, "tag": 5, "split": "-35.20"}}, {"pk": 88, "model": "money.taglink", "fields": {"transaction": 54, "tag": 1, "split": "936.46"}}, {"pk": 89, "model": "money.taglink", "fields": {"transaction": 55, "tag": 2, "split": "-17.30"}}, {"pk": 90, "model": "money.taglink", "fields": {"transaction": 56, "tag": 5, "split": "-25.49"}}, {"pk": 91, "model": "money.taglink", "fields": {"transaction": 56, "tag": 2, "split": "-25.49"}}, {"pk": 92, "model": "money.taglink", "fields": {"transaction": 57, "tag": 5, "split": "-33.65"}}, {"pk": 93, "model": "money.taglink", "fields": {"transaction": 58, "tag": 2, "split": "-37.52"}}, {"pk": 94, "model": "money.taglink", "fields": {"transaction": 58, "tag": 7, "split": "-37.52"}}, {"pk": 95, "model": "money.taglink", "fields": {"transaction": 59, "tag": 23, "split": "-25.40"}}, {"pk": 96, "model": "money.taglink", "fields": {"transaction": 60, "tag": 5, "split": "-39.59"}}, {"pk": 97, "model": "money.taglink", "fields": {"transaction": 60, "tag": 3, "split": "-39.59"}}, {"pk": 98, "model": "money.taglink", "fields": {"transaction": 60, "tag": 11, "split": "-39.59"}}, {"pk": 99, "model": "money.taglink", "fields": {"transaction": 60, "tag": 10, "split": "-39.59"}}, {"pk": 100, "model": "money.taglink", "fields": {"transaction": 60, "tag": 4, "split": "-39.59"}}, {"pk": 101, "model": "money.taglink", "fields": {"transaction": 61, "tag": 7, "split": "-72.78"}}, {"pk": 102, "model": "money.taglink", "fields": {"transaction": 62, "tag": 7, "split": "-27.16"}}, {"pk": 103, "model": "money.taglink", "fields": {"transaction": 62, "tag": 2, "split": "-27.16"}}, {"pk": 104, "model": "money.taglink", "fields": {"transaction": 63, "tag": 7, "split": "-77.07"}}, {"pk": 105, "model": "money.taglink", "fields": {"transaction": 64, "tag": 7, "split": "-43.91"}}, {"pk": 106, "model": "money.taglink", "fields": {"transaction": 65, "tag": 2, "split": "-90.23"}}, {"pk": 107, "model": "money.taglink", "fields": {"transaction": 65, "tag": 7, "split": "-90.23"}}, {"pk": 108, "model": "money.taglink", "fields": {"transaction": 66, "tag": 47, "split": "-67.20"}}, {"pk": 109, "model": "money.taglink", "fields": {"transaction": 67, "tag": 7, "split": "-5.46"}}, {"pk": 110, "model": "money.taglink", "fields": {"transaction": 68, "tag": 7, "split": "-20.44"}}, {"pk": 111, "model": "money.taglink", "fields": {"transaction": 69, "tag": 23, "split": "-59.31"}}, {"pk": 112, "model": "money.taglink", "fields": {"transaction": 70, "tag": 2, "split": "-146.61"}}, {"pk": 113, "model": "money.taglink", "fields": {"transaction": 71, "tag": 2, "split": "-124.73"}}, {"pk": 114, "model": "money.taglink", "fields": {"transaction": 71, "tag": 7, "split": "-124.73"}}, {"pk": 115, "model": "money.taglink", "fields": {"transaction": 72, "tag": 47, "split": "-61.21"}}, {"pk": 116, "model": "money.taglink", "fields": {"transaction": 73, "tag": 11, "split": "-35.29"}}, {"pk": 117, "model": "money.taglink", "fields": {"transaction": 73, "tag": 5, "split": "-35.29"}}, {"pk": 118, "model": "money.taglink", "fields": {"transaction": 74, "tag": 5, "split": "-36.85"}}, {"pk": 119, "model": "money.taglink", "fields": {"transaction": 75, "tag": 2, "split": "-111.29"}}, {"pk": 120, "model": "money.taglink", "fields": {"transaction": 76, "tag": 7, "split": "-36.78"}}, {"pk": 121, "model": "money.taglink", "fields": {"transaction": 76, "tag": 2, "split": "-36.78"}}, {"pk": 122, "model": "money.taglink", "fields": {"transaction": 77, "tag": 5, "split": "-43.37"}}, {"pk": 123, "model": "money.taglink", "fields": {"transaction": 78, "tag": 7, "split": "-23.21"}}, {"pk": 124, "model": "money.taglink", "fields": {"transaction": 79, "tag": 2, "split": "-26.18"}}, {"pk": 125, "model": "money.taglink", "fields": {"transaction": 79, "tag": 5, "split": "-26.18"}}, {"pk": 126, "model": "money.taglink", "fields": {"transaction": 80, "tag": 2, "split": "-50.01"}}, {"pk": 127, "model": "money.taglink", "fields": {"transaction": 80, "tag": 7, "split": "-50.01"}}, {"pk": 128, "model": "money.taglink", "fields": {"transaction": 81, "tag": 2, "split": "-42.73"}}, {"pk": 129, "model": "money.taglink", "fields": {"transaction": 82, "tag": 7, "split": "-49.44"}}, {"pk": 130, "model": "money.taglink", "fields": {"transaction": 82, "tag": 2, "split": "-49.44"}}, {"pk": 131, "model": "money.taglink", "fields": {"transaction": 83, "tag": 4, "split": "-35.47"}}, {"pk": 132, "model": "money.taglink", "fields": {"transaction": 83, "tag": 3, "split": "-35.47"}}, {"pk": 133, "model": "money.taglink", "fields": {"transaction": 83, "tag": 5, "split": "-35.47"}}, {"pk": 134, "model": "money.taglink", "fields": {"transaction": 83, "tag": 10, "split": "-35.47"}}, {"pk": 135, "model": "money.taglink", "fields": {"transaction": 84, "tag": 7, "split": "-75.41"}}, {"pk": 136, "model": "money.taglink", "fields": {"transaction": 84, "tag": 2, "split": "-75.41"}}, {"pk": 137, "model": "money.taglink", "fields": {"transaction": 85, "tag": 5, "split": "-18.97"}}, {"pk": 138, "model": "money.taglink", "fields": {"transaction": 86, "tag": 2, "split": "-27.07"}}, {"pk": 139, "model": "money.taglink", "fields": {"transaction": 86, "tag": 7, "split": "-27.07"}}, {"pk": 140, "model": "money.taglink", "fields": {"transaction": 87, "tag": 7, "split": "-114.85"}}, {"pk": 141, "model": "money.taglink", "fields": {"transaction": 88, "tag": 23, "split": "-64.84"}}, {"pk": 142, "model": "money.taglink", "fields": {"transaction": 89, "tag": 23, "split": "-54.66"}}, {"pk": 143, "model": "money.taglink", "fields": {"transaction": 90, "tag": 1, "split": "997.32"}}, {"pk": 144, "model": "money.taglink", "fields": {"transaction": 91, "tag": 1, "split": "1023.25"}}, {"pk": 145, "model": "money.taglink", "fields": {"transaction": 92, "tag": 2, "split": "-35.85"}}, {"pk": 146, "model": "money.taglink", "fields": {"transaction": 93, "tag": 23, "split": "-30.11"}}, {"pk": 147, "model": "money.taglink", "fields": {"transaction": 94, "tag": 7, "split": "-140.50"}}, {"pk": 148, "model": "money.taglink", "fields": {"transaction": 95, "tag": 23, "split": "-46.87"}}, {"pk": 149, "model": "money.taglink", "fields": {"transaction": 96, "tag": 7, "split": "-131.01"}}, {"pk": 150, "model": "money.taglink", "fields": {"transaction": 97, "tag": 23, "split": "-31.97"}}, {"pk": 151, "model": "money.taglink", "fields": {"transaction": 98, "tag": 2, "split": "-26.90"}}, {"pk": 152, "model": "money.taglink", "fields": {"transaction": 99, "tag": 47, "split": "-52.51"}}, {"pk": 153, "model": "money.taglink", "fields": {"transaction": 100, "tag": 23, "split": "-75.98"}}, {"pk": 154, "model": "money.taglink", "fields": {"transaction": 101, "tag": 5, "split": "-48.91"}}, {"pk": 155, "model": "money.taglink", "fields": {"transaction": 101, "tag": 2, "split": "-48.91"}}, {"pk": 156, "model": "money.taglink", "fields": {"transaction": 102, "tag": 2, "split": "-123.95"}}, {"pk": 157, "model": "money.taglink", "fields": {"transaction": 102, "tag": 7, "split": "-123.95"}}, {"pk": 158, "model": "money.taglink", "fields": {"transaction": 103, "tag": 11, "split": "-27.37"}}, {"pk": 159, "model": "money.taglink", "fields": {"transaction": 103, "tag": 3, "split": "-27.37"}}, {"pk": 160, "model": "money.taglink", "fields": {"transaction": 103, "tag": 4, "split": "-27.37"}}, {"pk": 161, "model": "money.taglink", "fields": {"transaction": 103, "tag": 5, "split": "-27.37"}}, {"pk": 162, "model": "money.taglink", "fields": {"transaction": 104, "tag": 2, "split": "-70.20"}}, {"pk": 163, "model": "money.taglink", "fields": {"transaction": 105, "tag": 1, "split": "917.36"}}, {"pk": 164, "model": "money.taglink", "fields": {"transaction": 106, "tag": 23, "split": "-62.88"}}, {"pk": 165, "model": "money.taglink", "fields": {"transaction": 107, "tag": 7, "split": "-125.26"}}, {"pk": 166, "model": "money.taglink", "fields": {"transaction": 108, "tag": 5, "split": "-37.47"}}, {"pk": 167, "model": "money.taglink", "fields": {"transaction": 108, "tag": 2, "split": "-37.47"}}, {"pk": 168, "model": "money.taglink", "fields": {"transaction": 109, "tag": 2, "split": "-37.41"}}, {"pk": 169, "model": "money.taglink", "fields": {"transaction": 110, "tag": 11, "split": "-50.09"}}, {"pk": 170, "model": "money.taglink", "fields": {"transaction": 111, "tag": 47, "split": "-40.81"}}, {"pk": 171, "model": "money.taglink", "fields": {"transaction": 112, "tag": 2, "split": "-36.34"}}, {"pk": 172, "model": "money.taglink", "fields": {"transaction": 112, "tag": 5, "split": "-36.34"}}, {"pk": 173, "model": "money.taglink", "fields": {"transaction": 113, "tag": 5, "split": "-28.23"}}, {"pk": 174, "model": "money.taglink", "fields": {"transaction": 113, "tag": 2, "split": "-28.23"}}, {"pk": 175, "model": "money.taglink", "fields": {"transaction": 114, "tag": 2, "split": "-117.33"}}, {"pk": 176, "model": "money.taglink", "fields": {"transaction": 115, "tag": 2, "split": "-10.25"}}, {"pk": 177, "model": "money.taglink", "fields": {"transaction": 116, "tag": 47, "split": "-42.92"}}, {"pk": 178, "model": "money.taglink", "fields": {"transaction": 117, "tag": 2, "split": "-146.94"}}, {"pk": 179, "model": "money.taglink", "fields": {"transaction": 118, "tag": 5, "split": "-19.75"}}, {"pk": 180, "model": "money.taglink", "fields": {"transaction": 118, "tag": 2, "split": "-19.75"}}, {"pk": 181, "model": "money.taglink", "fields": {"transaction": 119, "tag": 4, "split": "-32.33"}}, {"pk": 182, "model": "money.taglink", "fields": {"transaction": 119, "tag": 10, "split": "-32.33"}}, {"pk": 183, "model": "money.taglink", "fields": {"transaction": 119, "tag": 11, "split": "-32.33"}}, {"pk": 184, "model": "money.taglink", "fields": {"transaction": 120, "tag": 47, "split": "-48.63"}}, {"pk": 185, "model": "money.taglink", "fields": {"transaction": 121, "tag": 5, "split": "-34.79"}}, {"pk": 186, "model": "money.taglink", "fields": {"transaction": 122, "tag": 23, "split": "-76.34"}}, {"pk": 187, "model": "money.taglink", "fields": {"transaction": 123, "tag": 187, "split": "-45.67"}}, {"pk": 188, "model": "money.taglink", "fields": {"transaction": 123, "tag": 7, "split": "-45.67"}}, {"pk": 189, "model": "money.taglink", "fields": {"transaction": 124, "tag": 1, "split": "806.20"}}, {"pk": 190, "model": "money.taglink", "fields": {"transaction": 125, "tag": 2, "split": "-40.43"}}, {"pk": 191, "model": "money.taglink", "fields": {"transaction": 125, "tag": 5, "split": "-40.43"}}, {"pk": 192, "model": "money.taglink", "fields": {"transaction": 126, "tag": 47, "split": "-58.76"}}, {"pk": 193, "model": "money.taglink", "fields": {"transaction": 127, "tag": 1, "split": "1085.79"}}, {"pk": 194, "model": "money.taglink", "fields": {"transaction": 128, "tag": 23, "split": "-33.32"}}, {"pk": 195, "model": "money.taglink", "fields": {"transaction": 129, "tag": 47, "split": "-30.27"}}, {"pk": 196, "model": "money.taglink", "fields": {"transaction": 130, "tag": 7, "split": "-12.86"}}, {"pk": 197, "model": "money.taglink", "fields": {"transaction": 131, "tag": 2, "split": "-81.30"}}, {"pk": 198, "model": "money.taglink", "fields": {"transaction": 132, "tag": 7, "split": "-60.40"}}, {"pk": 199, "model": "money.taglink", "fields": {"transaction": 132, "tag": 2, "split": "-60.40"}}, {"pk": 200, "model": "money.taglink", "fields": {"transaction": 133, "tag": 7, "split": "-129.94"}}, {"pk": 201, "model": "money.taglink", "fields": {"transaction": 133, "tag": 2, "split": "-129.94"}}, {"pk": 202, "model": "money.taglink", "fields": {"transaction": 134, "tag": 1, "split": "825.41"}}, {"pk": 203, "model": "money.taglink", "fields": {"transaction": 135, "tag": 5, "split": "-33.83"}}, {"pk": 204, "model": "money.taglink", "fields": {"transaction": 136, "tag": 2, "split": "-11.19"}}, {"pk": 205, "model": "money.taglink", "fields": {"transaction": 136, "tag": 5, "split": "-11.19"}}, {"pk": 206, "model": "money.taglink", "fields": {"transaction": 137, "tag": 10, "split": "-30.96"}}, {"pk": 207, "model": "money.taglink", "fields": {"transaction": 137, "tag": 5, "split": "-30.96"}}, {"pk": 208, "model": "money.taglink", "fields": {"transaction": 138, "tag": 23, "split": "-42.80"}}, {"pk": 209, "model": "money.taglink", "fields": {"transaction": 139, "tag": 7, "split": "-62.09"}}, {"pk": 210, "model": "money.taglink", "fields": {"transaction": 140, "tag": 2, "split": "-26.60"}}, {"pk": 211, "model": "money.taglink", "fields": {"transaction": 141, "tag": 1, "split": "972.67"}}, {"pk": 212, "model": "money.taglink", "fields": {"transaction": 142, "tag": 7, "split": "-115.48"}}, {"pk": 213, "model": "money.taglink", "fields": {"transaction": 143, "tag": 1, "split": "811.49"}}, {"pk": 214, "model": "money.taglink", "fields": {"transaction": 144, "tag": 7, "split": "-31.89"}}, {"pk": 215, "model": "money.taglink", "fields": {"transaction": 144, "tag": 187, "split": "-31.89"}}, {"pk": 216, "model": "money.taglink", "fields": {"transaction": 145, "tag": 47, "split": "-34.25"}}, {"pk": 217, "model": "money.taglink", "fields": {"transaction": 146, "tag": 47, "split": "-62.16"}}, {"pk": 218, "model": "money.taglink", "fields": {"transaction": 147, "tag": 2, "split": "-47.36"}}, {"pk": 219, "model": "money.taglink", "fields": {"transaction": 148, "tag": 2, "split": "-32.93"}}, {"pk": 220, "model": "money.taglink", "fields": {"transaction": 148, "tag": 5, "split": "-32.93"}}, {"pk": 221, "model": "money.taglink", "fields": {"transaction": 149, "tag": 2, "split": "-42.47"}}, {"pk": 222, "model": "money.taglink", "fields": {"transaction": 150, "tag": 1, "split": "854.46"}}, {"pk": 223, "model": "money.taglink", "fields": {"transaction": 151, "tag": 7, "split": "-49.07"}}, {"pk": 224, "model": "money.taglink", "fields": {"transaction": 151, "tag": 2, "split": "-49.07"}}, {"pk": 225, "model": "money.taglink", "fields": {"transaction": 152, "tag": 2, "split": "-40.90"}}, {"pk": 226, "model": "money.taglink", "fields": {"transaction": 153, "tag": 2, "split": "-37.39"}}, {"pk": 227, "model": "money.taglink", "fields": {"transaction": 153, "tag": 5, "split": "-37.39"}}, {"pk": 228, "model": "money.taglink", "fields": {"transaction": 154, "tag": 7, "split": "-25.80"}}, {"pk": 229, "model": "money.taglink", "fields": {"transaction": 155, "tag": 5, "split": "-17.35"}}, {"pk": 230, "model": "money.taglink", "fields": {"transaction": 156, "tag": 47, "split": "-70.40"}}, {"pk": 231, "model": "money.taglink", "fields": {"transaction": 157, "tag": 11, "split": "-41.62"}}, {"pk": 232, "model": "money.taglink", "fields": {"transaction": 157, "tag": 10, "split": "-41.62"}}, {"pk": 233, "model": "money.taglink", "fields": {"transaction": 157, "tag": 4, "split": "-41.62"}}, {"pk": 234, "model": "money.taglink", "fields": {"transaction": 158, "tag": 10, "split": "-46.25"}}, {"pk": 235, "model": "money.taglink", "fields": {"transaction": 158, "tag": 11, "split": "-46.25"}}, {"pk": 236, "model": "money.taglink", "fields": {"transaction": 158, "tag": 4, "split": "-46.25"}}, {"pk": 237, "model": "money.taglink", "fields": {"transaction": 159, "tag": 7, "split": "-14.79"}}, {"pk": 238, "model": "money.taglink", "fields": {"transaction": 160, "tag": 7, "split": "-39.51"}}, {"pk": 239, "model": "money.taglink", "fields": {"transaction": 161, "tag": 7, "split": "-45.08"}}, {"pk": 240, "model": "money.taglink", "fields": {"transaction": 161, "tag": 2, "split": "-45.08"}}, {"pk": 241, "model": "money.taglink", "fields": {"transaction": 162, "tag": 47, "split": "-65.80"}}, {"pk": 242, "model": "money.taglink", "fields": {"transaction": 163, "tag": 5, "split": "-8.18"}}, {"pk": 243, "model": "money.taglink", "fields": {"transaction": 163, "tag": 4, "split": "-8.18"}}, {"pk": 244, "model": "money.taglink", "fields": {"transaction": 163, "tag": 10, "split": "-8.18"}}, {"pk": 245, "model": "money.taglink", "fields": {"transaction": 163, "tag": 3, "split": "-8.18"}}, {"pk": 246, "model": "money.taglink", "fields": {"transaction": 163, "tag": 11, "split": "-8.18"}}, {"pk": 247, "model": "money.taglink", "fields": {"transaction": 164, "tag": 187, "split": "-48.45"}}, {"pk": 248, "model": "money.taglink", "fields": {"transaction": 165, "tag": 47, "split": "-34.82"}}, {"pk": 249, "model": "money.taglink", "fields": {"transaction": 166, "tag": 5, "split": "-45.52"}}, {"pk": 250, "model": "money.taglink", "fields": {"transaction": 167, "tag": 1, "split": "875.21"}}, {"pk": 251, "model": "money.taglink", "fields": {"transaction": 168, "tag": 2, "split": "-118.16"}}, {"pk": 252, "model": "money.taglink", "fields": {"transaction": 169, "tag": 7, "split": "-92.74"}}, {"pk": 253, "model": "money.taglink", "fields": {"transaction": 170, "tag": 7, "split": "-109.87"}}, {"pk": 254, "model": "money.taglink", "fields": {"transaction": 171, "tag": 2, "split": "-95.45"}}, {"pk": 255, "model": "money.taglink", "fields": {"transaction": 171, "tag": 7, "split": "-95.45"}}, {"pk": 256, "model": "money.taglink", "fields": {"transaction": 172, "tag": 2, "split": "-44.44"}}, {"pk": 257, "model": "money.taglink", "fields": {"transaction": 172, "tag": 7, "split": "-44.44"}}, {"pk": 258, "model": "money.taglink", "fields": {"transaction": 173, "tag": 2, "split": "-96.09"}}, {"pk": 259, "model": "money.taglink", "fields": {"transaction": 174, "tag": 23, "split": "-55.54"}}, {"pk": 260, "model": "money.taglink", "fields": {"transaction": 175, "tag": 3, "split": "-33.98"}}, {"pk": 261, "model": "money.taglink", "fields": {"transaction": 175, "tag": 10, "split": "-33.98"}}, {"pk": 262, "model": "money.taglink", "fields": {"transaction": 176, "tag": 1, "split": "928.09"}}, {"pk": 263, "model": "money.taglink", "fields": {"transaction": 177, "tag": 7, "split": "-69.58"}}, {"pk": 264, "model": "money.taglink", "fields": {"transaction": 177, "tag": 2, "split": "-69.58"}}, {"pk": 265, "model": "money.taglink", "fields": {"transaction": 178, "tag": 2, "split": "-30.49"}}, {"pk": 266, "model": "money.taglink", "fields": {"transaction": 178, "tag": 7, "split": "-30.49"}}, {"pk": 267, "model": "money.taglink", "fields": {"transaction": 179, "tag": 5, "split": "-41.26"}}, {"pk": 268, "model": "money.taglink", "fields": {"transaction": 180, "tag": 1, "split": "1118.36"}}, {"pk": 269, "model": "money.taglink", "fields": {"transaction": 181, "tag": 23, "split": "-51.19"}}, {"pk": 270, "model": "money.taglink", "fields": {"transaction": 182, "tag": 2, "split": "-71.10"}}, {"pk": 271, "model": "money.taglink", "fields": {"transaction": 182, "tag": 7, "split": "-71.10"}}, {"pk": 272, "model": "money.taglink", "fields": {"transaction": 183, "tag": 2, "split": "-14.01"}}, {"pk": 273, "model": "money.taglink", "fields": {"transaction": 184, "tag": 2, "split": "-23.37"}}, {"pk": 274, "model": "money.taglink", "fields": {"transaction": 184, "tag": 7, "split": "-23.37"}}, {"pk": 275, "model": "money.taglink", "fields": {"transaction": 185, "tag": 2, "split": "-103.22"}}, {"pk": 276, "model": "money.taglink", "fields": {"transaction": 186, "tag": 1, "split": "866.29"}}, {"pk": 277, "model": "money.taglink", "fields": {"transaction": 187, "tag": 7, "split": "-16.91"}}, {"pk": 278, "model": "money.taglink", "fields": {"transaction": 188, "tag": 7, "split": "-35.00"}}, {"pk": 279, "model": "money.taglink", "fields": {"transaction": 188, "tag": 2, "split": "-35.00"}}, {"pk": 280, "model": "money.taglink", "fields": {"transaction": 189, "tag": 5, "split": "-43.73"}}, {"pk": 281, "model": "money.taglink", "fields": {"transaction": 190, "tag": 2, "split": "-94.48"}}, {"pk": 282, "model": "money.taglink", "fields": {"transaction": 191, "tag": 2, "split": "-123.87"}}, {"pk": 283, "model": "money.taglink", "fields": {"transaction": 192, "tag": 7, "split": "-27.85"}}, {"pk": 284, "model": "money.taglink", "fields": {"transaction": 192, "tag": 2, "split": "-27.85"}}, {"pk": 285, "model": "money.taglink", "fields": {"transaction": 193, "tag": 7, "split": "-52.18"}}, {"pk": 286, "model": "money.taglink", "fields": {"transaction": 193, "tag": 2, "split": "-52.18"}}, {"pk": 287, "model": "money.taglink", "fields": {"transaction": 194, "tag": 2, "split": "-41.39"}}, {"pk": 288, "model": "money.taglink", "fields": {"transaction": 195, "tag": 2, "split": "-104.13"}}, {"pk": 289, "model": "money.taglink", "fields": {"transaction": 196, "tag": 7, "split": "-128.10"}}, {"pk": 290, "model": "money.taglink", "fields": {"transaction": 196, "tag": 2, "split": "-128.10"}}, {"pk": 291, "model": "money.taglink", "fields": {"transaction": 197, "tag": 2, "split": "-67.49"}}, {"pk": 292, "model": "money.taglink", "fields": {"transaction": 197, "tag": 7, "split": "-67.49"}}, {"pk": 293, "model": "money.taglink", "fields": {"transaction": 198, "tag": 7, "split": "-82.98"}}, {"pk": 294, "model": "money.taglink", "fields": {"transaction": 198, "tag": 2, "split": "-82.98"}}, {"pk": 295, "model": "money.taglink", "fields": {"transaction": 199, "tag": 2, "split": "-1.21"}}, {"pk": 296, "model": "money.taglink", "fields": {"transaction": 200, "tag": 7, "split": "-77.46"}}, {"pk": 297, "model": "money.taglink", "fields": {"transaction": 200, "tag": 2, "split": "-77.46"}}, {"pk": 298, "model": "money.taglink", "fields": {"transaction": 201, "tag": 23, "split": "-57.83"}}, {"pk": 299, "model": "money.taglink", "fields": {"transaction": 202, "tag": 2, "split": "-57.55"}}, {"pk": 300, "model": "money.taglink", "fields": {"transaction": 202, "tag": 7, "split": "-57.55"}}, {"pk": 301, "model": "money.taglink", "fields": {"transaction": 203, "tag": 10, "split": "-21.01"}}, {"pk": 302, "model": "money.taglink", "fields": {"transaction": 204, "tag": 7, "split": "-120.87"}}, {"pk": 303, "model": "money.taglink", "fields": {"transaction": 204, "tag": 2, "split": "-120.87"}}, {"pk": 304, "model": "money.taglink", "fields": {"transaction": 205, "tag": 7, "split": "-134.69"}}, {"pk": 305, "model": "money.taglink", "fields": {"transaction": 205, "tag": 2, "split": "-134.69"}}, {"pk": 306, "model": "money.taglink", "fields": {"transaction": 206, "tag": 47, "split": "-65.91"}}, {"pk": 307, "model": "money.taglink", "fields": {"transaction": 207, "tag": 1, "split": "1091.46"}}, {"pk": 308, "model": "money.taglink", "fields": {"transaction": 208, "tag": 5, "split": "-7.42"}}, {"pk": 309, "model": "money.taglink", "fields": {"transaction": 208, "tag": 11, "split": "-7.42"}}, {"pk": 310, "model": "money.taglink", "fields": {"transaction": 209, "tag": 3, "split": "-38.24"}}, {"pk": 311, "model": "money.taglink", "fields": {"transaction": 209, "tag": 10, "split": "-38.24"}}, {"pk": 312, "model": "money.taglink", "fields": {"transaction": 210, "tag": 2, "split": "-106.88"}}, {"pk": 313, "model": "money.taglink", "fields": {"transaction": 211, "tag": 23, "split": "-32.89"}}, {"pk": 314, "model": "money.taglink", "fields": {"transaction": 212, "tag": 7, "split": "-91.21"}}, {"pk": 315, "model": "money.taglink", "fields": {"transaction": 212, "tag": 2, "split": "-91.21"}}, {"pk": 316, "model": "money.taglink", "fields": {"transaction": 213, "tag": 7, "split": "-4.72"}}, {"pk": 317, "model": "money.taglink", "fields": {"transaction": 214, "tag": 7, "split": "-112.54"}}, {"pk": 318, "model": "money.taglink", "fields": {"transaction": 215, "tag": 1, "split": "952.21"}}, {"pk": 319, "model": "money.taglink", "fields": {"transaction": 216, "tag": 7, "split": "-49.08"}}, {"pk": 320, "model": "money.taglink", "fields": {"transaction": 217, "tag": 7, "split": "-42.01"}}, {"pk": 321, "model": "money.taglink", "fields": {"transaction": 217, "tag": 2, "split": "-42.01"}}, {"pk": 322, "model": "money.taglink", "fields": {"transaction": 218, "tag": 2, "split": "-31.99"}}, {"pk": 323, "model": "money.taglink", "fields": {"transaction": 219, "tag": 2, "split": "-130.48"}}, {"pk": 324, "model": "money.taglink", "fields": {"transaction": 219, "tag": 7, "split": "-130.48"}}, {"pk": 325, "model": "money.taglink", "fields": {"transaction": 220, "tag": 10, "split": "-11.72"}}, {"pk": 326, "model": "money.taglink", "fields": {"transaction": 220, "tag": 4, "split": "-11.72"}}, {"pk": 327, "model": "money.taglink", "fields": {"transaction": 220, "tag": 5, "split": "-11.72"}}, {"pk": 328, "model": "money.taglink", "fields": {"transaction": 221, "tag": 7, "split": "-137.83"}}, {"pk": 329, "model": "money.taglink", "fields": {"transaction": 221, "tag": 2, "split": "-137.83"}}, {"pk": 330, "model": "money.taglink", "fields": {"transaction": 222, "tag": 47, "split": "-47.57"}}, {"pk": 331, "model": "money.taglink", "fields": {"transaction": 223, "tag": 3, "split": "-8.94"}}, {"pk": 332, "model": "money.taglink", "fields": {"transaction": 224, "tag": 2, "split": "-33.13"}}, {"pk": 333, "model": "money.taglink", "fields": {"transaction": 225, "tag": 3, "split": "-17.11"}}, {"pk": 334, "model": "money.taglink", "fields": {"transaction": 225, "tag": 5, "split": "-17.11"}}, {"pk": 335, "model": "money.taglink", "fields": {"transaction": 226, "tag": 47, "split": "-37.72"}}, {"pk": 336, "model": "money.taglink", "fields": {"transaction": 227, "tag": 23, "split": "-63.62"}}, {"pk": 337, "model": "money.taglink", "fields": {"transaction": 228, "tag": 7, "split": "-38.15"}}, {"pk": 338, "model": "money.taglink", "fields": {"transaction": 228, "tag": 2, "split": "-38.15"}}, {"pk": 339, "model": "money.taglink", "fields": {"transaction": 229, "tag": 5, "split": "-11.32"}}, {"pk": 340, "model": "money.taglink", "fields": {"transaction": 229, "tag": 11, "split": "-11.32"}}, {"pk": 341, "model": "money.taglink", "fields": {"transaction": 229, "tag": 4, "split": "-11.32"}}, {"pk": 342, "model": "money.taglink", "fields": {"transaction": 229, "tag": 10, "split": "-11.32"}}, {"pk": 343, "model": "money.taglink", "fields": {"transaction": 230, "tag": 47, "split": "-51.70"}}, {"pk": 344, "model": "money.taglink", "fields": {"transaction": 231, "tag": 2, "split": "-141.57"}}, {"pk": 345, "model": "money.taglink", "fields": {"transaction": 232, "tag": 1, "split": "1079.89"}}, {"pk": 346, "model": "money.taglink", "fields": {"transaction": 233, "tag": 23, "split": "-43.77"}}, {"pk": 347, "model": "money.taglink", "fields": {"transaction": 234, "tag": 23, "split": "-44.70"}}, {"pk": 348, "model": "money.taglink", "fields": {"transaction": 235, "tag": 7, "split": "-102.84"}}, {"pk": 349, "model": "money.taglink", "fields": {"transaction": 236, "tag": 23, "split": "-67.38"}}, {"pk": 350, "model": "money.taglink", "fields": {"transaction": 237, "tag": 7, "split": "-93.48"}}, {"pk": 351, "model": "money.taglink", "fields": {"transaction": 237, "tag": 2, "split": "-93.48"}}, {"pk": 352, "model": "money.taglink", "fields": {"transaction": 238, "tag": 5, "split": "-49.17"}}, {"pk": 353, "model": "money.taglink", "fields": {"transaction": 239, "tag": 5, "split": "-6.42"}}, {"pk": 354, "model": "money.taglink", "fields": {"transaction": 239, "tag": 10, "split": "-6.42"}}, {"pk": 355, "model": "money.taglink", "fields": {"transaction": 239, "tag": 11, "split": "-6.42"}}, {"pk": 356, "model": "money.taglink", "fields": {"transaction": 239, "tag": 4, "split": "-6.42"}}, {"pk": 357, "model": "money.taglink", "fields": {"transaction": 239, "tag": 3, "split": "-6.42"}}, {"pk": 358, "model": "money.taglink", "fields": {"transaction": 240, "tag": 10, "split": "-9.80"}}, {"pk": 359, "model": "money.taglink", "fields": {"transaction": 240, "tag": 3, "split": "-9.80"}}, {"pk": 360, "model": "money.taglink", "fields": {"transaction": 240, "tag": 11, "split": "-9.80"}}, {"pk": 361, "model": "money.taglink", "fields": {"transaction": 241, "tag": 23, "split": "-59.40"}}, {"pk": 362, "model": "money.taglink", "fields": {"transaction": 242, "tag": 4, "split": "-13.64"}}, {"pk": 363, "model": "money.taglink", "fields": {"transaction": 242, "tag": 10, "split": "-13.64"}}, {"pk": 364, "model": "money.taglink", "fields": {"transaction": 242, "tag": 11, "split": "-13.64"}}, {"pk": 365, "model": "money.taglink", "fields": {"transaction": 242, "tag": 3, "split": "-13.64"}}, {"pk": 366, "model": "money.taglink", "fields": {"transaction": 243, "tag": 187, "split": "-31.34"}}, {"pk": 367, "model": "money.taglink", "fields": {"transaction": 244, "tag": 5, "split": "-23.38"}}, {"pk": 368, "model": "money.taglink", "fields": {"transaction": 244, "tag": 2, "split": "-23.38"}}, {"pk": 369, "model": "money.taglink", "fields": {"transaction": 245, "tag": 5, "split": "-23.44"}}, {"pk": 370, "model": "money.taglink", "fields": {"transaction": 245, "tag": 2, "split": "-23.44"}}, {"pk": 371, "model": "money.taglink", "fields": {"transaction": 246, "tag": 1, "split": "916.41"}}, {"pk": 372, "model": "money.taglink", "fields": {"transaction": 247, "tag": 2, "split": "-39.70"}}, {"pk": 373, "model": "money.taglink", "fields": {"transaction": 248, "tag": 5, "split": "-18.47"}}, {"pk": 374, "model": "money.taglink", "fields": {"transaction": 248, "tag": 11, "split": "-18.47"}}, {"pk": 375, "model": "money.taglink", "fields": {"transaction": 248, "tag": 4, "split": "-18.47"}}, {"pk": 376, "model": "money.taglink", "fields": {"transaction": 249, "tag": 10, "split": "-12.84"}}, {"pk": 377, "model": "money.taglink", "fields": {"transaction": 250, "tag": 2, "split": "-80.49"}}, {"pk": 378, "model": "money.taglink", "fields": {"transaction": 251, "tag": 47, "split": "-70.26"}}, {"pk": 379, "model": "money.taglink", "fields": {"transaction": 252, "tag": 1, "split": "1047.18"}}, {"pk": 380, "model": "money.taglink", "fields": {"transaction": 253, "tag": 5, "split": "-31.69"}}, {"pk": 381, "model": "money.taglink", "fields": {"transaction": 254, "tag": 23, "split": "-31.61"}}, {"pk": 382, "model": "money.taglink", "fields": {"transaction": 255, "tag": 7, "split": "-74.49"}}, {"pk": 383, "model": "money.taglink", "fields": {"transaction": 256, "tag": 1, "split": "1070.91"}}, {"pk": 384, "model": "money.taglink", "fields": {"transaction": 257, "tag": 2, "split": "-1.39"}}, {"pk": 385, "model": "money.taglink", "fields": {"transaction": 258, "tag": 1, "split": "972.54"}}, {"pk": 386, "model": "money.taglink", "fields": {"transaction": 259, "tag": 2, "split": "-47.03"}}, {"pk": 387, "model": "money.taglink", "fields": {"transaction": 260, "tag": 2, "split": "-37.42"}}, {"pk": 388, "model": "money.taglink", "fields": {"transaction": 261, "tag": 23, "split": "-44.54"}}, {"pk": 389, "model": "money.taglink", "fields": {"transaction": 262, "tag": 2, "split": "-94.87"}}, {"pk": 390, "model": "money.taglink", "fields": {"transaction": 262, "tag": 7, "split": "-94.87"}}, {"pk": 391, "model": "money.taglink", "fields": {"transaction": 263, "tag": 23, "split": "-61.10"}}, {"pk": 392, "model": "money.taglink", "fields": {"transaction": 264, "tag": 2, "split": "-60.20"}}, {"pk": 393, "model": "money.taglink", "fields": {"transaction": 264, "tag": 7, "split": "-60.20"}}, {"pk": 394, "model": "money.taglink", "fields": {"transaction": 265, "tag": 23, "split": "-29.98"}}, {"pk": 395, "model": "money.taglink", "fields": {"transaction": 266, "tag": 10, "split": "-24.82"}}, {"pk": 396, "model": "money.taglink", "fields": {"transaction": 266, "tag": 4, "split": "-24.82"}}, {"pk": 397, "model": "money.taglink", "fields": {"transaction": 267, "tag": 5, "split": "-48.54"}}, {"pk": 398, "model": "money.taglink", "fields": {"transaction": 268, "tag": 5, "split": "-21.97"}}, {"pk": 399, "model": "money.taglink", "fields": {"transaction": 268, "tag": 3, "split": "-21.97"}}, {"pk": 400, "model": "money.taglink", "fields": {"transaction": 268, "tag": 4, "split": "-21.97"}}, {"pk": 401, "model": "money.taglink", "fields": {"transaction": 269, "tag": 1, "split": "1182.25"}}, {"pk": 402, "model": "money.taglink", "fields": {"transaction": 270, "tag": 7, "split": "-43.46"}}, {"pk": 403, "model": "money.taglink", "fields": {"transaction": 270, "tag": 2, "split": "-43.46"}}, {"pk": 404, "model": "money.taglink", "fields": {"transaction": 271, "tag": 2, "split": "-25.62"}}, {"pk": 405, "model": "money.taglink", "fields": {"transaction": 272, "tag": 2, "split": "-0.83"}}, {"pk": 406, "model": "money.taglink", "fields": {"transaction": 272, "tag": 7, "split": "-0.83"}}, {"pk": 407, "model": "money.taglink", "fields": {"transaction": 273, "tag": 1, "split": "826.37"}}, {"pk": 408, "model": "money.taglink", "fields": {"transaction": 274, "tag": 7, "split": "-114.33"}}, {"pk": 409, "model": "money.taglink", "fields": {"transaction": 275, "tag": 1, "split": "891.63"}}, {"pk": 410, "model": "money.taglink", "fields": {"transaction": 276, "tag": 7, "split": "-87.81"}}, {"pk": 411, "model": "money.taglink", "fields": {"transaction": 277, "tag": 5, "split": "-48.61"}}, {"pk": 412, "model": "money.taglink", "fields": {"transaction": 277, "tag": 10, "split": "-48.61"}}, {"pk": 413, "model": "money.taglink", "fields": {"transaction": 277, "tag": 3, "split": "-48.61"}}, {"pk": 414, "model": "money.taglink", "fields": {"transaction": 277, "tag": 11, "split": "-48.61"}}, {"pk": 415, "model": "money.taglink", "fields": {"transaction": 278, "tag": 7, "split": "-56.93"}}, {"pk": 416, "model": "money.taglink", "fields": {"transaction": 279, "tag": 11, "split": "-28.68"}}, {"pk": 417, "model": "money.taglink", "fields": {"transaction": 279, "tag": 5, "split": "-28.68"}}, {"pk": 418, "model": "money.taglink", "fields": {"transaction": 279, "tag": 4, "split": "-28.68"}}, {"pk": 419, "model": "money.taglink", "fields": {"transaction": 279, "tag": 3, "split": "-28.68"}}, {"pk": 420, "model": "money.taglink", "fields": {"transaction": 279, "tag": 10, "split": "-28.68"}}, {"pk": 421, "model": "money.taglink", "fields": {"transaction": 280, "tag": 7, "split": "-134.90"}}, {"pk": 422, "model": "money.taglink", "fields": {"transaction": 280, "tag": 2, "split": "-134.90"}}, {"pk": 423, "model": "money.taglink", "fields": {"transaction": 281, "tag": 2, "split": "-2.43"}}, {"pk": 424, "model": "money.taglink", "fields": {"transaction": 281, "tag": 7, "split": "-2.43"}}, {"pk": 425, "model": "money.taglink", "fields": {"transaction": 282, "tag": 5, "split": "-20.20"}}, {"pk": 426, "model": "money.taglink", "fields": {"transaction": 282, "tag": 2, "split": "-20.20"}}, {"pk": 427, "model": "money.taglink", "fields": {"transaction": 283, "tag": 7, "split": "-150.45"}}, {"pk": 428, "model": "money.taglink", "fields": {"transaction": 283, "tag": 2, "split": "-150.45"}}, {"pk": 429, "model": "money.taglink", "fields": {"transaction": 284, "tag": 2, "split": "-101.04"}}, {"pk": 430, "model": "money.taglink", "fields": {"transaction": 284, "tag": 7, "split": "-101.04"}}, {"pk": 431, "model": "money.taglink", "fields": {"transaction": 285, "tag": 23, "split": "-41.22"}}, {"pk": 432, "model": "money.taglink", "fields": {"transaction": 286, "tag": 23, "split": "-33.86"}}, {"pk": 433, "model": "money.taglink", "fields": {"transaction": 287, "tag": 7, "split": "-68.20"}}, {"pk": 434, "model": "money.taglink", "fields": {"transaction": 287, "tag": 2, "split": "-68.20"}}, {"pk": 435, "model": "money.taglink", "fields": {"transaction": 288, "tag": 3, "split": "-48.33"}}, {"pk": 436, "model": "money.taglink", "fields": {"transaction": 288, "tag": 10, "split": "-48.33"}}, {"pk": 437, "model": "money.taglink", "fields": {"transaction": 288, "tag": 11, "split": "-48.33"}}, {"pk": 438, "model": "money.taglink", "fields": {"transaction": 288, "tag": 5, "split": "-48.33"}}, {"pk": 439, "model": "money.taglink", "fields": {"transaction": 289, "tag": 7, "split": "-87.59"}}, {"pk": 440, "model": "money.taglink", "fields": {"transaction": 290, "tag": 2, "split": "-91.93"}}, {"pk": 441, "model": "money.taglink", "fields": {"transaction": 290, "tag": 7, "split": "-91.93"}}, {"pk": 442, "model": "money.taglink", "fields": {"transaction": 291, "tag": 23, "split": "-61.40"}}, {"pk": 443, "model": "money.taglink", "fields": {"transaction": 292, "tag": 47, "split": "-42.36"}}, {"pk": 444, "model": "money.taglink", "fields": {"transaction": 293, "tag": 2, "split": "-19.43"}}, {"pk": 445, "model": "money.taglink", "fields": {"transaction": 294, "tag": 5, "split": "-11.25"}}, {"pk": 446, "model": "money.taglink", "fields": {"transaction": 295, "tag": 2, "split": "-43.85"}}, {"pk": 447, "model": "money.taglink", "fields": {"transaction": 295, "tag": 5, "split": "-43.85"}}, {"pk": 448, "model": "money.taglink", "fields": {"transaction": 296, "tag": 1, "split": "1168.35"}}, {"pk": 449, "model": "money.taglink", "fields": {"transaction": 297, "tag": 47, "split": "-76.50"}}, {"pk": 450, "model": "money.taglink", "fields": {"transaction": 298, "tag": 7, "split": "-118.48"}}, {"pk": 451, "model": "money.taglink", "fields": {"transaction": 298, "tag": 2, "split": "-118.48"}}, {"pk": 452, "model": "money.taglink", "fields": {"transaction": 299, "tag": 11, "split": "-25.22"}}, {"pk": 453, "model": "money.taglink", "fields": {"transaction": 300, "tag": 5, "split": "-22.02"}}, {"pk": 454, "model": "money.taglink", "fields": {"transaction": 300, "tag": 3, "split": "-22.02"}}, {"pk": 455, "model": "money.taglink", "fields": {"transaction": 300, "tag": 11, "split": "-22.02"}}, {"pk": 456, "model": "money.taglink", "fields": {"transaction": 301, "tag": 47, "split": "-78.12"}}, {"pk": 457, "model": "money.taglink", "fields": {"transaction": 302, "tag": 7, "split": "-98.69"}}, {"pk": 458, "model": "money.taglink", "fields": {"transaction": 303, "tag": 2, "split": "-81.05"}}, {"pk": 459, "model": "money.taglink", "fields": {"transaction": 303, "tag": 7, "split": "-81.05"}}, {"pk": 460, "model": "money.taglink", "fields": {"transaction": 304, "tag": 23, "split": "-59.43"}}, {"pk": 461, "model": "money.taglink", "fields": {"transaction": 305, "tag": 10, "split": "-15.02"}}, {"pk": 462, "model": "money.taglink", "fields": {"transaction": 306, "tag": 7, "split": "-18.88"}}, {"pk": 463, "model": "money.taglink", "fields": {"transaction": 307, "tag": 10, "split": "-23.00"}}, {"pk": 464, "model": "money.taglink", "fields": {"transaction": 308, "tag": 1, "split": "1015.42"}}, {"pk": 465, "model": "money.taglink", "fields": {"transaction": 309, "tag": 1, "split": "917.47"}}, {"pk": 466, "model": "money.taglink", "fields": {"transaction": 310, "tag": 2, "split": "-116.08"}}, {"pk": 467, "model": "money.taglink", "fields": {"transaction": 310, "tag": 7, "split": "-116.08"}}, {"pk": 468, "model": "money.taglink", "fields": {"transaction": 311, "tag": 1, "split": "1134.69"}}, {"pk": 469, "model": "money.taglink", "fields": {"transaction": 312, "tag": 23, "split": "-31.63"}}, {"pk": 470, "model": "money.taglink", "fields": {"transaction": 313, "tag": 47, "split": "-71.55"}}, {"pk": 471, "model": "money.taglink", "fields": {"transaction": 314, "tag": 2, "split": "-61.43"}}, {"pk": 472, "model": "money.taglink", "fields": {"transaction": 315, "tag": 47, "split": "-32.97"}}, {"pk": 473, "model": "money.taglink", "fields": {"transaction": 316, "tag": 7, "split": "-75.10"}}, {"pk": 474, "model": "money.taglink", "fields": {"transaction": 316, "tag": 2, "split": "-75.10"}}, {"pk": 475, "model": "money.taglink", "fields": {"transaction": 317, "tag": 23, "split": "-42.62"}}, {"pk": 476, "model": "money.taglink", "fields": {"transaction": 318, "tag": 2, "split": "-23.73"}}, {"pk": 477, "model": "money.taglink", "fields": {"transaction": 319, "tag": 47, "split": "-40.05"}}, {"pk": 478, "model": "money.taglink", "fields": {"transaction": 320, "tag": 2, "split": "-98.69"}}, {"pk": 479, "model": "money.taglink", "fields": {"transaction": 320, "tag": 7, "split": "-98.69"}}, {"pk": 480, "model": "money.taglink", "fields": {"transaction": 321, "tag": 1, "split": "804.51"}}, {"pk": 481, "model": "money.taglink", "fields": {"transaction": 322, "tag": 23, "split": "-41.37"}}, {"pk": 482, "model": "money.taglink", "fields": {"transaction": 323, "tag": 23, "split": "-74.22"}}, {"pk": 483, "model": "money.taglink", "fields": {"transaction": 324, "tag": 7, "split": "-55.54"}}, {"pk": 484, "model": "money.taglink", "fields": {"transaction": 324, "tag": 2, "split": "-55.54"}}, {"pk": 485, "model": "money.taglink", "fields": {"transaction": 325, "tag": 2, "split": "-149.90"}}, {"pk": 486, "model": "money.taglink", "fields": {"transaction": 325, "tag": 7, "split": "-149.90"}}, {"pk": 487, "model": "money.taglink", "fields": {"transaction": 326, "tag": 7, "split": "-65.75"}}, {"pk": 488, "model": "money.taglink", "fields": {"transaction": 326, "tag": 2, "split": "-65.75"}}, {"pk": 489, "model": "money.taglink", "fields": {"transaction": 327, "tag": 2, "split": "-11.84"}}, {"pk": 490, "model": "money.taglink", "fields": {"transaction": 328, "tag": 47, "split": "-61.30"}}, {"pk": 491, "model": "money.taglink", "fields": {"transaction": 329, "tag": 3, "split": "-47.34"}}, {"pk": 492, "model": "money.taglink", "fields": {"transaction": 329, "tag": 5, "split": "-47.34"}}, {"pk": 493, "model": "money.taglink", "fields": {"transaction": 330, "tag": 2, "split": "-8.74"}}, {"pk": 494, "model": "money.taglink", "fields": {"transaction": 330, "tag": 5, "split": "-8.74"}}, {"pk": 495, "model": "money.taglink", "fields": {"transaction": 331, "tag": 23, "split": "-43.82"}}, {"pk": 496, "model": "money.taglink", "fields": {"transaction": 332, "tag": 47, "split": "-75.76"}}, {"pk": 497, "model": "money.taglink", "fields": {"transaction": 333, "tag": 2, "split": "-78.14"}}, {"pk": 498, "model": "money.taglink", "fields": {"transaction": 333, "tag": 7, "split": "-78.14"}}, {"pk": 499, "model": "money.taglink", "fields": {"transaction": 334, "tag": 23, "split": "-65.21"}}, {"pk": 500, "model": "money.taglink", "fields": {"transaction": 335, "tag": 3, "split": "-8.85"}}, {"pk": 501, "model": "money.taglink", "fields": {"transaction": 335, "tag": 10, "split": "-8.85"}}, {"pk": 502, "model": "money.taglink", "fields": {"transaction": 335, "tag": 4, "split": "-8.85"}}, {"pk": 503, "model": "money.taglink", "fields": {"transaction": 336, "tag": 2, "split": "-45.76"}}, {"pk": 504, "model": "money.taglink", "fields": {"transaction": 337, "tag": 47, "split": "-36.14"}}, {"pk": 505, "model": "money.taglink", "fields": {"transaction": 338, "tag": 7, "split": "-111.46"}}, {"pk": 506, "model": "money.taglink", "fields": {"transaction": 338, "tag": 2, "split": "-111.46"}}, {"pk": 507, "model": "money.taglink", "fields": {"transaction": 339, "tag": 7, "split": "-145.47"}}, {"pk": 508, "model": "money.taglink", "fields": {"transaction": 339, "tag": 2, "split": "-145.47"}}, {"pk": 19, "model": "auth.permission", "fields": {"codename": "add_logentry", "name": "Can add log entry", "content_type": 7}}, {"pk": 20, "model": "auth.permission", "fields": {"codename": "change_logentry", "name": "Can change log entry", "content_type": 7}}, {"pk": 21, "model": "auth.permission", "fields": {"codename": "delete_logentry", "name": "Can delete log entry", "content_type": 7}}, {"pk": 4, "model": "auth.permission", "fields": {"codename": "add_group", "name": "Can add group", "content_type": 2}}, {"pk": 5, "model": "auth.permission", "fields": {"codename": "change_group", "name": "Can change group", "content_type": 2}}, {"pk": 6, "model": "auth.permission", "fields": {"codename": "delete_group", "name": "Can delete group", "content_type": 2}}, {"pk": 10, "model": "auth.permission", "fields": {"codename": "add_message", "name": "Can add message", "content_type": 4}}, {"pk": 11, "model": "auth.permission", "fields": {"codename": "change_message", "name": "Can change message", "content_type": 4}}, {"pk": 12, "model": "auth.permission", "fields": {"codename": "delete_message", "name": "Can delete message", "content_type": 4}}, {"pk": 1, "model": "auth.permission", "fields": {"codename": "add_permission", "name": "Can add permission", "content_type": 1}}, {"pk": 2, "model": "auth.permission", "fields": {"codename": "change_permission", "name": "Can change permission", "content_type": 1}}, {"pk": 3, "model": "auth.permission", "fields": {"codename": "delete_permission", "name": "Can delete permission", "content_type": 1}}, {"pk": 7, "model": "auth.permission", "fields": {"codename": "add_user", "name": "Can add user", "content_type": 3}}, {"pk": 8, "model": "auth.permission", "fields": {"codename": "change_user", "name": "Can change user", "content_type": 3}}, {"pk": 9, "model": "auth.permission", "fields": {"codename": "delete_user", "name": "Can delete user", "content_type": 3}}, {"pk": 13, "model": "auth.permission", "fields": {"codename": "add_contenttype", "name": "Can add content type", "content_type": 5}}, {"pk": 14, "model": "auth.permission", "fields": {"codename": "change_contenttype", "name": "Can change content type", "content_type": 5}}, {"pk": 15, "model": "auth.permission", "fields": {"codename": "delete_contenttype", "name": "Can delete content type", "content_type": 5}}, {"pk": 34, "model": "auth.permission", "fields": {"codename": "add_account", "name": "Can add account", "content_type": 12}}, {"pk": 35, "model": "auth.permission", "fields": {"codename": "change_account", "name": "Can change account", "content_type": 12}}, {"pk": 36, "model": "auth.permission", "fields": {"codename": "delete_account", "name": "Can delete account", "content_type": 12}}, {"pk": 31, "model": "auth.permission", "fields": {"codename": "add_bank", "name": "Can add bank", "content_type": 11}}, {"pk": 32, "model": "auth.permission", "fields": {"codename": "change_bank", "name": "Can change bank", "content_type": 11}}, {"pk": 33, "model": "auth.permission", "fields": {"codename": "delete_bank", "name": "Can delete bank", "content_type": 11}}, {"pk": 28, "model": "auth.permission", "fields": {"codename": "add_payee", "name": "Can add payee", "content_type": 10}}, {"pk": 29, "model": "auth.permission", "fields": {"codename": "change_payee", "name": "Can change payee", "content_type": 10}}, {"pk": 30, "model": "auth.permission", "fields": {"codename": "delete_payee", "name": "Can delete payee", "content_type": 10}}, {"pk": 25, "model": "auth.permission", "fields": {"codename": "add_tag", "name": "Can add tag", "content_type": 9}}, {"pk": 26, "model": "auth.permission", "fields": {"codename": "change_tag", "name": "Can change tag", "content_type": 9}}, {"pk": 27, "model": "auth.permission", "fields": {"codename": "delete_tag", "name": "Can delete tag", "content_type": 9}}, {"pk": 40, "model": "auth.permission", "fields": {"codename": "add_taglink", "name": "Can add tag link", "content_type": 14}}, {"pk": 41, "model": "auth.permission", "fields": {"codename": "change_taglink", "name": "Can change tag link", "content_type": 14}}, {"pk": 42, "model": "auth.permission", "fields": {"codename": "delete_taglink", "name": "Can delete tag link", "content_type": 14}}, {"pk": 37, "model": "auth.permission", "fields": {"codename": "add_transaction", "name": "Can add transaction", "content_type": 13}}, {"pk": 38, "model": "auth.permission", "fields": {"codename": "change_transaction", "name": "Can change transaction", "content_type": 13}}, {"pk": 39, "model": "auth.permission", "fields": {"codename": "delete_transaction", "name": "Can delete transaction", "content_type": 13}}, {"pk": 16, "model": "auth.permission", "fields": {"codename": "add_session", "name": "Can add session", "content_type": 6}}, {"pk": 17, "model": "auth.permission", "fields": {"codename": "change_session", "name": "Can change session", "content_type": 6}}, {"pk": 18, "model": "auth.permission", "fields": {"codename": "delete_session", "name": "Can delete session", "content_type": 6}}, {"pk": 22, "model": "auth.permission", "fields": {"codename": "add_site", "name": "Can add site", "content_type": 8}}, {"pk": 23, "model": "auth.permission", "fields": {"codename": "change_site", "name": "Can change site", "content_type": 8}}, {"pk": 24, "model": "auth.permission", "fields": {"codename": "delete_site", "name": "Can delete site", "content_type": 8}}, {"pk": 1, "model": "auth.user", "fields": {"username": "root", "first_name": "", "last_name": "", "is_active": true, "is_superuser": true, "is_staff": true, "last_login": "2010-04-02 12:58:28", "groups": [], "user_permissions": [], "password": "sha1$531ff$fc0a46760d0605c46b6764e8ca3797f0bc7dca4c", "email": "root@moneydj.co.uk", "date_joined": "2010-04-02 11:21:54"}}, {"pk": 2, "model": "auth.user", "fields": {"username": "bob", "first_name": "", "last_name": "", "is_active": true, "is_superuser": false, "is_staff": false, "last_login": "2010-04-02 12:59:54", "groups": [], "user_permissions": [], "password": "sha1$f02a7$b0f2669e9ad4a9abca16ec04ae958401937fe033", "email": "", "date_joined": "2010-04-02 11:25:19"}}, {"pk": 3, "model": "auth.user", "fields": {"username": "fred", "first_name": "", "last_name": "", "is_active": true, "is_superuser": false, "is_staff": false, "last_login": "2010-04-02 11:26:51", "groups": [], "user_permissions": [], "password": "sha1$681d9$4e6ef0a5c81a77871e66d1a36579e06676e9951a", "email": "", "date_joined": "2010-04-02 11:26:51"}}]
